id_line,from,to,r_pu,x_pu
1,116,87,0.001,0.03
2,277,23,0.001,0.03
3,166,10,0.001,0.03
4,754,853,0.001,0.03
5,704,735,0.98,3.67
6,572,125,0.001,0.03
7,475,84,0.001,0.03
8,391,924,0.98,3.67
9,587,800,0.98,3.67
10,563,349,0.001,0.03
11,636,527,0.001,0.03
12,338,49,0.001,0.03
13,379,845,0.98,3.67
14,514,729,0.98,3.67
15,313,30,0.001,0.03
16,304,61,0.001,0.03
17,455,388,0.001,0.03
18,166,1023,0.98,3.67
19,224,280,0.001,0.03
21,109,367,0.001,0.03
22,188,14,0.001,0.03
23,578,1182,0.98,3.67
24,850,533,0.98,3.67
25,323,730,0.98,3.67
26,473,262,0.001,0.03
27,785,67,0.98,3.67
28,286,596,0.001,0.03
29,157,771,0.98,3.67
30,675,7,0.001,0.03
31,54,93,0.001,0.03
32,163,916,0.98,3.67
33,35,165,0.001,0.03
34,23,957,0.98,3.67
35,93,86,0.001,0.03
36,54,860,0.98,3.67
37,247,1272,0.98,3.67
38,61,114,0.001,0.03
39,427,761,0.98,3.67
40,217,567,0.001,0.03
41,115,357,0.001,0.03
42,501,1137,0.98,3.67
43,334,79,0.001,0.03
44,66,1,0.001,0.03
45,82,1026,0.98,3.67
46,4,86,0.001,0.03
47,485,131,0.001,0.03
48,376,1294,0.98,3.67
49,47,123,0.001,0.03
50,65,640,0.001,0.03
51,974,33,0.001,0.03
52,582,71,0.001,0.03
53,22,106,0.001,0.03
54,302,96,0.001,0.03
55,1229,17,0.98,3.67
56,429,359,0.001,0.03
57,387,29,0.001,0.03
58,746,76,0.98,3.67
59,416,48,0.001,0.03
60,600,611,0.001,0.03
61,80,1165,0.98,3.67
62,335,741,0.98,3.67
63,634,732,0.98,3.67
64,100,989,0.98,3.67
65,206,199,0.001,0.03
66,4,863,0.98,3.67
67,490,737,0.98,3.67
68,654,813,0.98,3.67
69,684,736,0.98,3.67
70,641,621,0.001,0.03
71,94,869,0.98,3.67
72,364,1027,0.98,3.67
73,81,215,0.001,0.03
74,560,777,0.98,3.67
75,79,212,0.001,0.03
76,696,582,0.001,0.03
77,733,19,0.001,0.03
78,345,1412,0.98,3.67
79,107,811,0.98,3.67
80,1093,595,0.001,0.03
81,400,780,0.98,3.67
82,103,640,0.001,0.03
83,250,400,0.001,0.03
84,13,1349,0.98,3.67
85,479,717,0.001,0.03
86,733,19,0.001,0.03
87,802,661,0.98,3.67
88,475,1094,0.98,3.67
89,550,583,0.001,0.03
90,14,261,0.001,0.03
91,720,859,0.98,3.67
92,784,109,0.001,0.03
93,191,665,0.001,0.03
94,720,65,0.001,0.03
96,1054,1086,0.001,0.03
97,824,102,0.98,3.67
98,574,794,0.98,3.67
99,104,961,0.98,3.67
100,692,39,0.001,0.03
101,101,477,0.001,0.03
102,210,738,0.98,3.67
103,538,731,0.98,3.67
104,766,414,0.98,3.67
105,235,886,0.98,3.67
106,715,559,0.001,0.03
107,48,435,0.001,0.03
108,55,734,0.98,3.67
109,72,424,0.001,0.03
110,200,332,0.001,0.03
111,829,69,0.001,0.03
112,218,1221,0.98,3.67
113,229,106,0.001,0.03
114,119,823,0.98,3.67
115,718,657,0.001,0.03
116,185,92,0.001,0.03
117,106,927,0.98,3.67
118,31,127,0.001,0.03
119,457,8,0.001,0.03
120,739,339,0.98,3.67
121,668,1111,0.98,3.67
122,36,487,0.001,0.03
123,395,615,0.001,0.03
124,118,895,0.98,3.67
125,397,723,0.001,0.03
126,384,150,0.001,0.03
127,241,122,0.001,0.03
128,808,313,0.001,0.03
129,169,22,0.001,0.03
130,625,111,0.001,0.03
131,19,388,0.001,0.03
132,461,1166,0.98,3.67
133,704,156,0.001,0.03
134,130,1081,0.98,3.67
135,1352,90,0.98,3.67
136,148,944,0.98,3.67
137,80,305,0.001,0.03
138,195,875,0.98,3.67
139,221,33,0.001,0.03
140,138,140,0.001,0.03
141,144,861,0.98,3.67
142,273,228,0.001,0.03
143,149,428,0.001,0.03
144,153,227,0.001,0.03
145,503,774,0.98,3.67
146,64,485,0.001,0.03
147,134,668,0.001,0.03
148,208,1286,0.98,3.67
149,109,268,0.001,0.03
150,195,138,0.001,0.03
151,152,257,0.001,0.03
152,596,506,0.001,0.03
153,163,4,0.001,0.03
154,79,891,0.98,3.67
155,689,56,0.001,0.03
156,1296,262,0.98,3.67
157,158,204,0.001,0.03
158,121,167,0.001,0.03
159,28,809,0.98,3.67
160,12,740,0.98,3.67
161,442,956,0.98,3.67
162,352,519,0.001,0.03
163,663,742,0.98,3.67
164,178,463,0.001,0.03
165,326,515,0.001,0.03
166,133,53,0.001,0.03
167,84,1051,0.98,3.67
168,152,743,0.98,3.67
169,797,593,0.98,3.67
170,92,994,0.98,3.67
171,311,622,0.001,0.03
172,331,182,0.001,0.03
173,649,772,0.98,3.67
174,149,1226,0.98,3.67
175,222,58,0.001,0.03
176,343,1,0.001,0.03
177,406,186,0.001,0.03
178,358,698,0.001,0.03
179,1242,187,0.98,3.67
180,450,189,0.001,0.03
181,58,348,0.001,0.03
182,117,828,0.98,3.67
183,58,258,0.001,0.03
184,1068,191,0.98,3.67
185,495,933,0.98,3.67
186,466,751,0.98,3.67
187,291,1062,0.98,3.67
188,58,105,0.001,0.03
189,303,744,0.98,3.67
190,32,947,0.98,3.67
191,1363,193,0.98,3.67
192,43,196,0.001,0.03
193,496,854,0.98,3.67
194,602,769,0.98,3.67
195,1290,73,0.98,3.67
196,1086,1114,0.001,0.03
197,658,983,0.98,3.67
198,327,36,0.001,0.03
199,302,979,0.98,3.67
200,90,200,0.001,0.03
201,244,745,0.98,3.67
202,42,1107,0.98,3.67
203,449,38,0.001,0.03
204,205,1014,0.98,3.67
205,207,720,0.001,0.03
206,518,107,0.001,0.03
207,35,1305,0.98,3.67
208,422,77,0.001,0.03
209,504,223,0.001,0.03
210,747,515,0.98,3.67
211,212,941,0.98,3.67
212,214,1104,0.98,3.67
213,189,309,0.001,0.03
214,252,318,0.001,0.03
215,220,457,0.001,0.03
216,247,748,0.001,0.03
217,748,1052,0.001,0.03
218,156,749,0.98,3.67
219,1307,541,0.98,3.67
220,670,57,0.001,0.03
221,643,323,0.001,0.03
222,317,1102,0.98,3.67
223,129,43,0.001,0.03
224,168,86,0.001,0.03
225,8,750,0.98,3.67
226,278,16,0.001,0.03
227,233,591,0.001,0.03
228,256,412,0.001,0.03
229,1406,295,0.98,3.67
230,216,1123,0.98,3.67
231,237,209,0.001,0.03
232,239,78,0.001,0.03
233,305,789,0.98,3.67
234,498,489,0.001,0.03
235,77,471,0.001,0.03
236,648,37,0.001,0.03
237,145,62,0.001,0.03
238,124,684,0.001,0.03
239,564,241,0.001,0.03
240,411,1439,0.98,3.67
241,2,557,0.001,0.03
242,461,243,0.001,0.03
243,726,244,0.001,0.03
244,264,63,0.001,0.03
245,57,534,0.001,0.03
246,462,498,0.001,0.03
247,497,444,0.001,0.03
248,782,189,0.98,3.67
249,249,822,0.98,3.67
250,238,307,0.001,0.03
251,299,144,0.001,0.03
252,612,268,0.001,0.03
253,234,258,0.001,0.03
254,92,101,0.001,0.03
255,514,1162,0.001,0.03
256,222,220,0.001,0.03
257,19,12,0.001,0.03
258,510,867,0.98,3.67
259,616,276,0.001,0.03
260,227,1024,0.98,3.67
261,236,890,0.98,3.67
262,680,1446,0.98,3.67
263,1195,615,0.001,0.03
264,531,858,0.98,3.67
265,66,86,0.001,0.03
266,258,755,0.98,3.67
267,88,250,0.001,0.03
269,1362,206,0.98,3.67
270,541,476,0.001,0.03
271,261,1055,0.98,3.67
272,40,29,0.001,0.03
273,371,300,0.001,0.03
274,220,865,0.98,3.67
275,389,923,0.98,3.67
277,616,752,0.98,3.67
278,354,1458,0.98,3.67
279,22,99,0.001,0.03
280,58,300,0.001,0.03
281,268,980,0.98,3.67
282,1340,122,0.98,3.67
283,421,753,0.98,3.67
284,162,754,0.001,0.03
285,862,609,0.98,3.67
286,575,118,0.001,0.03
287,617,273,0.001,0.03
288,253,971,0.98,3.67
289,635,906,0.98,3.67
290,276,443,0.001,0.03
291,414,459,0.001,0.03
292,284,821,0.98,3.67
293,329,270,0.001,0.03
294,502,284,0.001,0.03
295,69,42,0.001,0.03
296,1114,829,0.001,0.03
297,1231,999,0.001,0.03
298,288,1284,0.98,3.67
299,455,844,0.98,3.67
300,715,940,0.98,3.67
301,1329,289,0.98,3.67
302,231,601,0.001,0.03
303,110,866,0.98,3.67
304,558,1135,0.98,3.67
305,25,1118,0.98,3.67
306,195,138,0.001,0.03
307,977,290,0.98,3.67
308,281,1216,0.98,3.67
309,638,756,0.98,3.67
310,249,121,0.001,0.03
311,287,1360,0.98,3.67
312,444,757,0.98,3.67
313,710,158,0.001,0.03
314,211,304,0.001,0.03
315,143,788,0.001,0.03
316,316,1207,0.98,3.67
317,33,551,0.001,0.03
318,674,1191,0.98,3.67
319,27,577,0.001,0.03
320,759,368,0.001,0.03
321,1395,357,0.98,3.67
322,518,801,0.98,3.67
323,420,1090,0.98,3.67
324,758,190,0.98,3.67
325,147,711,0.001,0.03
326,509,1196,0.98,3.67
327,167,114,0.001,0.03
328,630,660,0.001,0.03
329,194,915,0.98,3.67
330,65,1386,0.98,3.67
331,1251,192,0.001,0.03
332,277,814,0.98,3.67
333,710,768,0.98,3.67
334,356,760,0.98,3.67
335,98,1243,0.98,3.67
336,440,834,0.98,3.67
337,367,1022,0.98,3.67
338,262,245,0.001,0.03
339,132,486,0.001,0.03
340,442,315,0.001,0.03
341,466,538,0.001,0.03
342,351,1218,0.98,3.67
343,589,762,0.98,3.67
344,16,1020,0.98,3.67
345,763,332,0.98,3.67
346,724,26,0.001,0.03
347,19,496,0.001,0.03
348,159,476,0.001,0.03
349,459,712,0.001,0.03
350,142,361,0.001,0.03
351,577,1190,0.98,3.67
352,203,1030,0.98,3.67
353,764,83,0.98,3.67
354,492,781,0.98,3.67
355,66,249,0.001,0.03
356,627,1197,0.98,3.67
357,765,199,0.98,3.67
358,310,129,0.001,0.03
359,433,843,0.98,3.67
360,458,556,0.001,0.03
361,83,102,0.001,0.03
363,110,355,0.001,0.03
364,1145,267,0.98,3.67
365,1275,312,0.98,3.67
366,1325,200,0.98,3.67
367,1283,342,0.001,0.03
368,315,921,0.98,3.67
369,694,1316,0.98,3.67
370,320,676,0.001,0.03
371,113,191,0.001,0.03
372,788,70,0.001,0.03
373,477,767,0.98,3.67
374,301,221,0.001,0.03
375,340,285,0.001,0.03
376,95,531,0.001,0.03
377,321,455,0.001,0.03
378,497,825,0.98,3.67
379,725,162,0.001,0.03
380,222,58,0.001,0.03
381,349,770,0.98,3.67
382,37,312,0.001,0.03
383,219,392,0.001,0.03
384,360,1041,0.98,3.67
385,81,872,0.98,3.67
386,534,818,0.98,3.67
387,275,449,0.001,0.03
388,575,1318,0.98,3.67
389,137,82,0.001,0.03
390,990,190,0.001,0.03
391,433,54,0.001,0.03
392,61,853,0.001,0.03
393,3,176,0.001,0.03
394,7,1174,0.98,3.67
395,380,157,0.001,0.03
396,333,931,0.98,3.67
397,526,464,0.001,0.03
398,521,803,0.98,3.67
399,574,32,0.001,0.03
400,554,207,0.001,0.03
401,525,1228,0.98,3.67
402,288,18,0.001,0.03
403,524,1045,0.98,3.67
404,154,51,0.001,0.03
405,338,1001,0.98,3.67
406,457,773,0.98,3.67
407,656,432,0.001,0.03
408,265,338,0.001,0.03
409,702,984,0.98,3.67
410,148,61,0.001,0.03
411,579,206,0.001,0.03
412,114,833,0.98,3.67
413,625,1346,0.98,3.67
414,569,1320,0.98,3.67
415,428,1116,0.98,3.67
416,198,609,0.001,0.03
417,18,340,0.001,0.03
418,342,1335,0.98,3.67
419,659,324,0.001,0.03
420,291,635,0.001,0.03
421,66,840,0.98,3.67
422,285,705,0.001,0.03
423,89,682,0.001,0.03
424,591,775,0.98,3.67
425,353,1057,0.98,3.67
426,99,776,0.98,3.67
427,229,778,0.98,3.67
428,626,779,0.98,3.67
429,214,346,0.001,0.03
430,80,355,0.001,0.03
431,1285,648,0.001,0.03
432,15,873,0.98,3.67
433,306,1455,0.98,3.67
434,299,1000,0.98,3.67
435,357,352,0.001,0.03
436,1348,452,0.98,3.67
437,404,579,0.001,0.03
438,20,203,0.001,0.03
439,359,848,0.98,3.67
440,323,448,0.001,0.03
441,271,64,0.001,0.03
442,165,45,0.001,0.03
443,478,945,0.98,3.67
444,361,1388,0.98,3.67
445,368,9,0.001,0.03
446,377,851,0.98,3.67
447,289,347,0.001,0.03
448,27,362,0.001,0.03
449,330,689,0.001,0.03
450,366,1056,0.98,3.67
451,186,33,0.001,0.03
452,481,783,0.98,3.67
453,248,525,0.001,0.03
454,365,1079,0.98,3.67
455,19,230,0.001,0.03
456,784,109,0.001,0.03
457,294,336,0.001,0.03
458,830,1077,0.001,0.03
459,435,929,0.98,3.67
460,197,786,0.98,3.67
461,276,1369,0.98,3.67
462,179,788,0.001,0.03
463,617,1143,0.98,3.67
464,403,788,0.001,0.03
465,366,529,0.001,0.03
466,374,363,0.001,0.03
467,108,787,0.98,3.67
468,88,908,0.98,3.67
469,328,1351,0.98,3.67
470,49,790,0.98,3.67
471,1260,341,0.98,3.67
472,605,1034,0.98,3.67
473,187,255,0.001,0.03
474,439,478,0.001,0.03
475,557,1437,0.98,3.67
476,791,37,0.98,3.67
477,121,792,0.98,3.67
478,719,793,0.98,3.67
479,218,161,0.001,0.03
480,448,1302,0.98,3.67
481,151,398,0.001,0.03
482,101,795,0.98,3.67
483,314,1018,0.98,3.67
484,358,1424,0.98,3.67
485,363,213,0.001,0.03
486,270,480,0.001,0.03
487,470,725,0.001,0.03
488,621,67,0.001,0.03
489,796,241,0.98,3.67
490,153,227,0.001,0.03
491,78,375,0.001,0.03
492,53,1075,0.98,3.67
493,500,434,0.001,0.03
494,946,376,0.001,0.03
495,294,1060,0.98,3.67
496,327,594,0.001,0.03
497,429,842,0.98,3.67
498,379,325,0.001,0.03
499,447,838,0.98,3.67
500,215,798,0.98,3.67
501,146,1168,0.98,3.67
502,91,279,0.001,0.03
503,482,1103,0.98,3.67
504,691,174,0.001,0.03
505,126,1225,0.98,3.67
506,370,799,0.98,3.67
507,405,339,0.001,0.03
508,398,804,0.98,3.67
509,556,590,0.001,0.03
510,604,419,0.001,0.03
511,180,1120,0.98,3.67
512,334,1012,0.98,3.67
513,319,806,0.98,3.67
514,171,418,0.001,0.03
515,528,807,0.98,3.67
516,167,846,0.98,3.67
517,524,808,0.001,0.03
518,438,406,0.001,0.03
519,808,650,0.001,0.03
520,645,805,0.98,3.67
521,185,810,0.98,3.67
522,538,356,0.001,0.03
523,371,876,0.98,3.67
524,390,112,0.001,0.03
525,603,1038,0.98,3.67
526,109,634,0.001,0.03
527,313,1155,0.98,3.67
528,386,812,0.98,3.67
529,135,335,0.001,0.03
530,399,639,0.001,0.03
531,425,402,0.001,0.03
532,365,603,0.001,0.03
533,1387,374,0.001,0.03
534,275,856,0.98,3.67
535,446,815,0.98,3.67
536,409,998,0.98,3.67
537,356,1,0.001,0.03
538,601,702,0.001,0.03
539,138,410,0.001,0.03
540,169,22,0.001,0.03
541,413,401,0.001,0.03
542,8,168,0.001,0.03
543,701,625,0.001,0.03
544,417,257,0.001,0.03
545,418,1463,0.98,3.67
546,11,360,0.001,0.03
547,505,816,0.98,3.67
548,636,995,0.98,3.67
549,27,682,0.001,0.03
550,703,817,0.98,3.67
551,536,283,0.001,0.03
552,29,819,0.98,3.67
553,488,311,0.001,0.03
554,133,1112,0.98,3.67
555,585,629,0.001,0.03
556,396,820,0.98,3.67
557,1390,209,0.98,3.67
558,619,298,0.001,0.03
559,223,1109,0.98,3.67
560,425,1450,0.98,3.67
561,706,826,0.98,3.67
562,595,326,0.001,0.03
563,426,447,0.001,0.03
564,380,1017,0.98,3.67
565,430,694,0.001,0.03
566,569,395,0.001,0.03
567,432,580,0.001,0.03
568,343,887,0.98,3.67
569,244,442,0.001,0.03
570,152,98,0.001,0.03
571,155,438,0.001,0.03
572,618,836,0.98,3.67
573,423,1430,0.98,3.67
574,437,896,0.98,3.67
575,169,253,0.001,0.03
576,439,959,0.98,3.67
577,1417,375,0.98,3.67
578,408,691,0.001,0.03
579,441,827,0.98,3.67
580,486,218,0.001,0.03
581,446,453,0.001,0.03
582,209,271,0.001,0.03
583,335,1,0.001,0.03
584,451,522,0.001,0.03
585,437,496,0.001,0.03
586,670,1361,0.98,3.67
587,1091,830,0.001,0.03
588,481,274,0.001,0.03
589,168,831,0.98,3.67
590,215,433,0.001,0.03
591,176,832,0.98,3.67
592,724,1308,0.98,3.67
593,1238,485,0.98,3.67
595,388,835,0.98,3.67
596,655,414,0.001,0.03
597,837,717,0.98,3.67
598,182,839,0.98,3.67
599,122,24,0.001,0.03
600,72,841,0.98,3.67
601,213,458,0.001,0.03
602,16,490,0.001,0.03
603,10,421,0.001,0.03
604,597,289,0.001,0.03
605,1072,27,0.001,0.03
606,308,451,0.001,0.03
607,502,847,0.98,3.67
608,607,849,0.98,3.67
609,852,513,0.98,3.67
610,222,868,0.98,3.67
611,344,1115,0.98,3.67
612,855,614,0.98,3.67
613,264,1292,0.98,3.67
614,543,240,0.001,0.03
615,93,857,0.98,3.67
616,318,502,0.001,0.03
617,407,105,0.001,0.03
618,279,163,0.001,0.03
619,192,1031,0.98,3.67
620,1365,347,0.98,3.67
621,659,926,0.98,3.67
622,10,864,0.98,3.67
623,273,1003,0.98,3.67
624,707,484,0.001,0.03
625,362,1333,0.98,3.67
626,55,211,0.001,0.03
627,707,870,0.98,3.67
628,135,882,0.98,3.67
629,298,385,0.001,0.03
630,681,871,0.98,3.67
631,682,874,0.98,3.67
632,250,888,0.98,3.67
633,491,1263,0.98,3.67
634,59,375,0.001,0.03
635,21,316,0.001,0.03
636,493,341,0.001,0.03
637,407,928,0.98,3.67
638,494,366,0.001,0.03
639,415,878,0.98,3.67
640,116,877,0.98,3.67
641,444,110,0.001,0.03
642,419,1066,0.98,3.67
643,495,265,0.001,0.03
644,331,879,0.98,3.67
645,477,230,0.001,0.03
646,542,205,0.001,0.03
647,181,880,0.98,3.67
648,605,175,0.001,0.03
649,881,610,0.98,3.67
650,1235,599,0.98,3.67
651,173,687,0.001,0.03
652,22,336,0.001,0.03
653,85,499,0.001,0.03
654,26,500,0.001,0.03
655,884,1136,0.001,0.03
656,1195,884,0.001,0.03
657,550,883,0.98,3.67
658,172,413,0.001,0.03
659,1314,131,0.98,3.67
660,285,1049,0.98,3.67
661,370,95,0.001,0.03
662,503,303,0.001,0.03
663,279,885,0.98,3.67
664,34,505,0.001,0.03
665,506,492,0.001,0.03
666,82,507,0.001,0.03
667,531,117,0.001,0.03
668,60,610,0.001,0.03
669,144,389,0.001,0.03
670,514,96,0.001,0.03
671,568,382,0.001,0.03
672,324,292,0.001,0.03
673,372,510,0.001,0.03
674,512,1282,0.98,3.67
675,95,902,0.98,3.67
676,508,889,0.98,3.67
677,892,64,0.98,3.67
678,500,1013,0.98,3.67
679,557,147,0.001,0.03
680,253,497,0.001,0.03
681,153,385,0.001,0.03
682,893,352,0.98,3.67
683,112,548,0.001,0.03
684,894,401,0.98,3.67
685,517,1454,0.98,3.67
686,470,964,0.98,3.67
687,1391,519,0.98,3.67
688,478,299,0.001,0.03
689,520,343,0.001,0.03
690,290,59,0.001,0.03
691,555,897,0.98,3.67
692,1192,405,0.98,3.67
693,312,120,0.001,0.03
694,321,898,0.98,3.67
695,427,377,0.001,0.03
696,219,900,0.98,3.67
697,304,899,0.98,3.67
698,647,901,0.98,3.67
699,523,1449,0.98,3.67
700,142,1358,0.98,3.67
701,157,466,0.001,0.03
702,541,73,0.001,0.03
703,227,495,0.001,0.03
704,706,526,0.001,0.03
705,527,1042,0.98,3.67
706,1400,597,0.98,3.67
707,903,573,0.98,3.67
708,194,542,0.001,0.03
709,447,566,0.001,0.03
710,150,904,0.98,3.67
711,443,905,0.98,3.67
712,181,528,0.001,0.03
713,391,91,0.001,0.03
714,139,1233,0.98,3.67
715,465,716,0.001,0.03
716,105,907,0.98,3.67
717,234,909,0.98,3.67
718,695,910,0.98,3.67
719,46,624,0.001,0.03
720,522,394,0.001,0.03
721,137,1004,0.98,3.67
722,912,673,0.98,3.67
723,85,1315,0.98,3.67
724,267,183,0.001,0.03
725,563,911,0.98,3.67
726,28,371,0.001,0.03
727,223,535,0.001,0.03
728,297,913,0.98,3.67
729,201,50,0.001,0.03
730,119,370,0.001,0.03
731,49,274,0.001,0.03
732,118,709,0.001,0.03
733,161,1194,0.98,3.67
734,539,1128,0.98,3.67
735,175,142,0.001,0.03
736,1414,543,0.98,3.67
737,266,1185,0.98,3.67
738,384,914,0.98,3.67
739,278,1002,0.98,3.67
740,545,1343,0.98,3.67
741,491,552,0.001,0.03
742,71,537,0.001,0.03
743,542,917,0.98,3.67
744,123,993,0.98,3.67
745,537,918,0.98,3.67
746,925,522,0.98,3.67
747,417,1232,0.98,3.67
748,91,996,0.98,3.67
749,548,176,0.001,0.03
750,78,347,0.001,0.03
751,426,919,0.98,3.67
752,476,593,0.001,0.03
753,150,135,0.001,0.03
754,26,997,0.98,3.67
755,68,246,0.001,0.03
756,642,108,0.001,0.03
757,523,549,0.001,0.03
758,528,355,0.001,0.03
759,469,920,0.98,3.67
760,196,509,0.001,0.03
761,182,348,0.001,0.03
762,1156,564,0.98,3.67
763,2,922,0.98,3.67
764,396,572,0.001,0.03
765,552,1146,0.98,3.67
766,440,514,0.001,0.03
767,67,187,0.001,0.03
768,546,217,0.001,0.03
769,205,210,0.001,0.03
770,565,930,0.98,3.67
771,492,722,0.001,0.03
772,508,99,0.001,0.03
773,21,960,0.98,3.67
774,373,1201,0.98,3.67
775,348,932,0.98,3.67
776,520,934,0.98,3.67
777,1309,309,0.98,3.67
778,302,560,0.001,0.03
779,510,331,0.001,0.03
780,1356,473,0.98,3.67
781,248,1172,0.98,3.67
782,102,308,0.001,0.03
783,512,47,0.001,0.03
784,480,1050,0.98,3.67
785,619,935,0.98,3.67
786,210,481,0.001,0.03
787,698,936,0.98,3.67
788,15,384,0.001,0.03
789,230,937,0.98,3.67
790,1301,277,0.001,0.03
791,192,396,0.001,0.03
792,274,80,0.001,0.03
793,34,94,0.001,0.03
794,340,938,0.98,3.67
795,236,367,0.001,0.03
796,390,1319,0.98,3.67
797,361,329,0.001,0.03
798,287,561,0.001,0.03
799,566,181,0.001,0.03
800,141,562,0.001,0.03
801,714,939,0.98,3.67
802,1408,562,0.98,3.67
803,556,1144,0.98,3.67
804,96,955,0.98,3.67
805,1044,271,0.98,3.67
806,942,630,0.98,3.67
807,608,563,0.001,0.03
808,127,145,0.001,0.03
809,302,565,0.001,0.03
810,1377,245,0.98,3.67
811,372,968,0.98,3.67
812,567,251,0.001,0.03
813,1392,238,0.98,3.67
814,566,958,0.98,3.67
815,474,532,0.001,0.03
816,333,12,0.001,0.03
817,265,943,0.98,3.67
818,412,1151,0.98,3.67
819,453,1375,0.98,3.67
820,130,154,0.001,0.03
821,667,267,0.001,0.03
822,378,1043,0.98,3.67
823,196,1223,0.98,3.67
824,568,1117,0.98,3.67
825,421,437,0.001,0.03
826,533,488,0.001,0.03
827,613,296,0.001,0.03
828,553,564,0.001,0.03
829,297,570,0.001,0.03
830,1136,946,0.001,0.03
831,1403,571,0.98,3.67
832,572,1119,0.98,3.67
833,559,446,0.001,0.03
834,212,234,0.001,0.03
835,721,85,0.001,0.03
836,47,963,0.98,3.67
837,948,31,0.98,3.67
838,507,949,0.98,3.67
839,300,950,0.98,3.67
840,1046,68,0.98,3.67
841,467,231,0.001,0.03
842,153,516,0.001,0.03
843,56,951,0.98,3.67
844,952,553,0.98,3.67
845,389,274,0.001,0.03
846,103,164,0.001,0.03
847,434,953,0.98,3.67
848,609,573,0.001,0.03
849,292,1252,0.98,3.67
850,63,1231,0.001,0.03
851,349,440,0.001,0.03
852,132,576,0.98,3.67
853,392,954,0.98,3.67
854,117,355,0.001,0.03
855,695,577,0.001,0.03
856,507,508,0.001,0.03
857,582,1344,0.98,3.67
858,1326,202,0.001,0.03
859,400,333,0.001,0.03
860,17,155,0.001,0.03
861,52,1227,0.98,3.67
862,581,233,0.001,0.03
863,722,585,0.001,0.03
864,490,520,0.001,0.03
865,360,345,0.001,0.03
866,434,407,0.001,0.03
867,359,565,0.001,0.03
868,587,598,0.001,0.03
869,13,425,0.001,0.03
870,1240,183,0.98,3.67
871,169,962,0.98,3.67
872,329,1212,0.98,3.67
873,711,967,0.98,3.67
874,585,966,0.98,3.67
875,43,965,0.98,3.67
876,631,436,0.001,0.03
877,3,251,0.001,0.03
878,723,588,0.001,0.03
879,1279,579,0.98,3.67
880,153,261,0.001,0.03
881,3,589,0.001,0.03
882,160,969,0.98,3.67
883,260,970,0.98,3.67
884,590,328,0.001,0.03
885,228,229,0.001,0.03
886,350,1438,0.98,3.67
887,327,972,0.98,3.67
888,32,28,0.001,0.03
889,180,257,0.001,0.03
890,653,973,0.98,3.67
891,146,607,0.001,0.03
892,1064,974,0.001,0.03
893,560,321,0.001,0.03
894,669,553,0.001,0.03
895,975,473,0.001,0.03
896,422,1401,0.98,3.67
897,976,413,0.98,3.67
898,504,1139,0.98,3.67
899,266,540,0.001,0.03
900,1350,595,0.98,3.67
901,463,25,0.001,0.03
902,63,978,0.98,3.67
903,545,581,0.001,0.03
904,419,461,0.001,0.03
905,454,981,0.98,3.67
906,303,291,0.001,0.03
907,73,597,0.001,0.03
908,599,404,0.001,0.03
909,376,116,0.001,0.03
910,418,600,0.001,0.03
911,184,178,0.001,0.03
912,153,558,0.001,0.03
913,369,1405,0.98,3.67
914,602,294,0.001,0.03
915,982,115,0.98,3.67
916,140,1250,0.98,3.67
917,109,84,0.001,0.03
918,298,985,0.98,3.67
919,123,429,0.001,0.03
920,584,1149,0.98,3.67
921,483,986,0.98,3.67
922,125,987,0.98,3.67
923,3,139,0.001,0.03
924,988,456,0.98,3.67
925,233,1241,0.98,3.67
926,216,606,0.001,0.03
927,513,31,0.001,0.03
928,50,337,0.001,0.03
929,607,636,0.001,0.03
930,1265,474,0.98,3.67
931,604,1106,0.98,3.67
932,608,1376,0.98,3.67
933,330,991,0.98,3.67
934,416,992,0.98,3.67
935,532,76,0.001,0.03
936,174,1426,0.98,3.67
937,379,243,0.001,0.03
938,611,454,0.001,0.03
939,612,1248,0.98,3.67
940,255,456,0.001,0.03
941,613,1219,0.98,3.67
942,1202,255,0.98,3.67
943,480,148,0.001,0.03
944,501,550,0.001,0.03
945,178,1435,0.98,3.67
946,7,719,0.001,0.03
947,1122,476,0.98,3.67
948,614,493,0.001,0.03
949,346,1061,0.98,3.67
950,615,1288,0.98,3.67
951,598,1147,0.98,3.67
952,999,1321,0.001,0.03
953,228,1058,0.98,3.67
954,44,586,0.001,0.03
955,408,1460,0.98,3.67
956,644,1005,0.98,3.67
957,103,618,0.001,0.03
958,571,452,0.001,0.03
959,600,1327,0.98,3.67
960,1006,50,0.98,3.67
961,530,472,0.001,0.03
962,656,1209,0.98,3.67
963,691,1443,0.98,3.67
964,679,619,0.001,0.03
965,1353,621,0.98,3.67
966,161,272,0.001,0.03
967,702,431,0.001,0.03
968,1385,462,0.98,3.67
969,173,1007,0.98,3.67
970,22,346,0.001,0.03
971,624,354,0.001,0.03
972,716,1258,0.98,3.67
973,1341,1008,0.001,0.03
974,1008,1347,0.001,0.03
975,626,578,0.001,0.03
976,547,1222,0.98,3.67
977,548,1278,0.98,3.67
978,60,1347,0.001,0.03
979,1127,438,0.98,3.67
980,637,104,0.001,0.03
981,567,1009,0.98,3.67
982,1077,1010,0.001,0.03
983,1010,483,0.001,0.03
984,224,40,0.001,0.03
985,188,1129,0.98,3.67
986,381,517,0.001,0.03
987,1011,532,0.98,3.67
988,673,599,0.001,0.03
989,539,512,0.001,0.03
990,41,1445,0.98,3.67
991,42,650,0.001,0.03
992,402,436,0.001,0.03
993,44,1015,0.98,3.67
994,171,1016,0.98,3.67
995,332,479,0.001,0.03
996,460,242,0.001,0.03
997,322,1019,0.98,3.67
998,147,1021,0.98,3.67
999,354,695,0.001,0.03
1000,623,1357,0.98,3.67
1001,658,516,0.001,0.03
1002,435,204,0.001,0.03
1003,269,524,0.001,0.03
1004,1025,155,0.98,3.67
1005,632,643,0.001,0.03
1006,40,272,0.001,0.03
1007,225,1095,0.98,3.67
1008,544,256,0.001,0.03
1009,336,1163,0.98,3.67
1010,471,1029,0.98,3.67
1011,526,1028,0.98,3.67
1012,124,1164,0.98,3.67
1013,555,35,0.001,0.03
1014,471,350,0.001,0.03
1015,499,1032,0.98,3.67
1016,535,243,0.001,0.03
1017,677,450,0.001,0.03
1018,152,639,0.001,0.03
1019,154,1033,0.98,3.67
1020,689,1035,0.98,3.67
1021,387,1065,0.98,3.67
1022,377,627,0.001,0.03
1023,385,1096,0.98,3.67
1024,700,411,0.001,0.03
1025,170,1036,0.98,3.67
1026,242,1037,0.98,3.67
1027,586,1100,0.98,3.67
1028,529,1091,0.001,0.03
1029,307,301,0.001,0.03
1030,1367,641,0.98,3.67
1031,629,701,0.001,0.03
1032,256,1039,0.98,3.67
1033,20,1078,0.98,3.67
1034,40,620,0.001,0.03
1035,445,1040,0.98,3.67
1036,3,420,0.001,0.03
1037,635,685,0.001,0.03
1038,638,658,0.001,0.03
1039,319,608,0.001,0.03
1040,283,707,0.001,0.03
1041,559,1173,0.98,3.67
1042,322,612,0.001,0.03
1043,424,297,0.001,0.03
1044,197,646,0.001,0.03
1045,441,558,0.001,0.03
1046,269,1047,0.98,3.67
1047,468,594,0.001,0.03
1048,1396,648,0.98,3.67
1049,445,134,0.001,0.03
1050,469,351,0.001,0.03
1051,18,1331,0.98,3.67
1052,580,1254,0.98,3.67
1053,517,652,0.001,0.03
1054,401,141,0.001,0.03
1055,100,706,0.001,0.03
1056,644,653,0.001,0.03
1057,699,1048,0.98,3.67
1058,364,188,0.001,0.03
1059,23,1341,0.001,0.03
1060,657,1453,0.98,3.67
1061,78,1052,0.001,0.03
1062,203,688,0.001,0.03
1063,341,83,0.001,0.03
1064,1372,254,0.98,3.67
1065,344,664,0.001,0.03
1066,650,1053,0.98,3.67
1067,309,17,0.001,0.03
1068,668,1054,0.001,0.03
1069,1054,482,0.001,0.03
1070,379,204,0.001,0.03
1071,242,504,0.001,0.03
1072,195,674,0.001,0.03
1073,324,1169,0.98,3.67
1074,40,509,0.001,0.03
1075,128,1200,0.98,3.67
1076,213,1059,0.98,3.67
1077,534,662,0.001,0.03
1078,325,1063,0.98,3.67
1079,251,1259,0.98,3.67
1080,1301,472,0.001,0.03
1081,30,1064,0.001,0.03
1082,104,663,0.001,0.03
1083,1389,186,0.98,3.67
1084,280,130,0.001,0.03
1085,382,1067,0.98,3.67
1086,547,235,0.001,0.03
1087,535,1069,0.98,3.67
1088,726,1071,0.98,3.67
1089,588,1462,0.98,3.67
1090,727,386,0.001,0.03
1091,51,1070,0.98,3.67
1092,1073,240,0.98,3.67
1093,1072,27,0.001,0.03
1095,399,1074,0.98,3.67
1096,1076,145,0.98,3.67
1097,675,1080,0.98,3.67
1098,664,1082,0.98,3.67
1099,622,60,0.001,0.03
1100,527,180,0.001,0.03
1101,657,666,0.001,0.03
1102,483,269,0.001,0.03
1103,663,78,0.001,0.03
1104,190,641,0.001,0.03
1105,516,1083,0.98,3.67
1106,714,204,0.001,0.03
1107,544,1084,0.98,3.67
1108,718,1451,0.98,3.67
1109,723,1085,0.98,3.67
1110,38,317,0.001,0.03
1111,239,1324,0.98,3.67
1112,325,637,0.001,0.03
1113,24,614,0.001,0.03
1114,629,1087,0.98,3.67
1115,382,441,0.001,0.03
1116,224,1088,0.98,3.67
1117,1208,660,0.98,3.67
1118,107,208,0.001,0.03
1119,684,586,0.001,0.03
1120,1140,669,0.98,3.67
1121,224,40,0.001,0.03
1122,653,602,0.001,0.03
1123,683,1089,0.98,3.67
1124,53,124,0.001,0.03
1125,687,482,0.001,0.03
1126,296,671,0.001,0.03
1127,373,266,0.001,0.03
1128,688,214,0.001,0.03
1129,1091,412,0.001,0.03
1130,645,275,0.001,0.03
1131,1092,651,0.98,3.67
1132,664,638,0.001,0.03
1133,606,1256,0.98,3.67
1134,75,1244,0.98,3.67
1135,134,1152,0.98,3.67
1136,25,259,0.001,0.03
1137,620,1224,0.98,3.67
1138,690,1097,0.98,3.67
1139,44,568,0.001,0.03
1140,584,604,0.001,0.03
1141,281,626,0.001,0.03
1142,1415,172,0.98,3.67
1143,14,1098,0.98,3.67
1144,494,1099,0.98,3.67
1145,661,610,0.001,0.03
1146,676,1236,0.98,3.67
1147,1101,622,0.98,3.67
1148,519,672,0.001,0.03
1149,592,546,0.001,0.03
1150,60,394,0.001,0.03
1151,633,678,0.001,0.03
1152,296,1105,0.98,3.67
1153,448,420,0.001,0.03
1154,654,679,0.001,0.03
1155,1153,655,0.98,3.67
1156,138,705,0.001,0.03
1157,424,1187,0.98,3.67
1158,97,1108,0.98,3.67
1159,727,1110,0.98,3.67
1160,1113,404,0.98,3.67
1161,208,430,0.001,0.03
1162,3,139,0.001,0.03
1163,651,667,0.001,0.03
1164,39,225,0.001,0.03
1165,315,715,0.001,0.03
1166,327,160,0.001,0.03
1167,30,1121,0.98,3.67
1168,280,1124,0.98,3.67
1169,596,1125,0.98,3.67
1170,138,317,0.001,0.03
1171,272,1271,0.98,3.67
1172,703,575,0.001,0.03
1173,202,1126,0.98,3.67
1174,601,1442,0.98,3.67
1175,320,1257,0.98,3.67
1176,260,216,0.001,0.03
1177,170,584,0.001,0.03
1178,306,369,0.001,0.03
1179,46,1429,0.98,3.67
1180,672,651,0.001,0.03
1181,594,1130,0.98,3.67
1182,685,1131,0.98,3.67
1183,687,1132,0.98,3.67
1184,158,1133,0.98,3.67
1185,688,1134,0.98,3.67
1186,74,1381,0.98,3.67
1187,193,405,0.001,0.03
1188,692,1142,0.98,3.67
1189,631,1440,0.98,3.67
1190,69,1138,0.98,3.67
1191,175,1141,0.98,3.67
1192,674,491,0.001,0.03
1193,1269,697,0.98,3.67
1194,395,1170,0.98,3.67
1195,551,587,0.001,0.03
1196,1398,337,0.98,3.67
1197,89,1148,0.98,3.67
1198,679,1150,0.98,3.67
1199,295,393,0.001,0.03
1200,44,685,0.001,0.03
1201,263,1198,0.98,3.67
1202,128,248,0.001,0.03
1203,537,353,0.001,0.03
1204,1154,672,0.98,3.67
1205,314,364,0.001,0.03
1206,554,1436,0.98,3.67
1207,1379,665,0.98,3.67
1208,392,700,0.001,0.03
1209,87,1237,0.98,3.67
1210,637,1157,0.98,3.67
1211,51,243,0.001,0.03
1212,45,1158,0.98,3.67
1213,701,1179,0.98,3.67
1214,374,1382,0.98,3.67
1215,60,562,0.001,0.03
1216,529,1160,0.98,3.67
1217,683,197,0.001,0.03
1218,660,462,0.001,0.03
1219,1355,301,0.98,3.67
1220,310,1159,0.98,3.67
1221,453,287,0.001,0.03
1222,383,1161,0.98,3.67
1223,283,1234,0.98,3.67
1224,263,160,0.001,0.03
1225,458,1167,0.98,3.67
1226,111,1303,0.98,3.67
1227,252,1206,0.98,3.67
1228,642,1171,0.98,3.67
1229,633,1433,0.98,3.67
1230,36,1175,0.98,3.67
1231,1176,59,0.98,3.67
1232,552,399,0.001,0.03
1233,1177,237,0.98,3.67
1234,432,1178,0.98,3.67
1235,484,1245,0.98,3.67
1236,129,1180,0.98,3.67
1237,1181,488,0.98,3.67
1238,410,1273,0.98,3.67
1239,1213,120,0.98,3.67
1240,465,1183,0.98,3.67
1241,460,1184,0.98,3.67
1242,606,126,0.001,0.03
1243,1186,141,0.98,3.67
1244,670,1373,0.001,0.03
1245,627,475,0.001,0.03
1246,431,1444,0.98,3.67
1247,45,505,0.001,0.03
1248,363,1374,0.98,3.67
1249,1188,6,0.98,3.67
1250,484,140,0.001,0.03
1251,705,1274,0.98,3.67
1252,489,513,0.001,0.03
1253,351,236,0.001,0.03
1254,647,634,0.001,0.03
1255,284,714,0.001,0.03
1256,1189,159,0.98,3.67
1257,126,263,0.001,0.03
1258,52,282,0.001,0.03
1259,578,320,0.001,0.03
1260,708,257,0.001,0.03
1261,646,1193,0.98,3.67
1262,649,659,0.001,0.03
1263,570,708,0.001,0.03
1264,1393,221,0.98,3.67
1265,139,656,0.001,0.03
1266,56,1195,0.001,0.03
1267,1407,24,0.98,3.67
1268,713,75,0.001,0.03
1269,583,539,0.001,0.03
1270,282,1199,0.98,3.67
1271,708,1203,0.98,3.67
1272,713,1204,0.98,3.67
1273,1397,9,0.98,3.67
1274,184,1457,0.98,3.67
1275,1205,406,0.98,3.67
1276,75,409,0.001,0.03
1277,1297,450,0.98,3.67
1278,48,1211,0.98,3.67
1279,581,1323,0.98,3.67
1280,525,468,0.001,0.03
1281,646,387,0.001,0.03
1282,398,247,0.001,0.03
1283,77,1459,0.98,3.67
1284,316,416,0.001,0.03
1285,423,422,0.001,0.03
1286,428,410,0.001,0.03
1287,282,704,0.001,0.03
1288,536,1210,0.98,3.67
1289,202,530,0.001,0.03
1290,546,1291,0.98,3.67
1291,1359,246,0.98,3.67
1292,487,647,0.001,0.03
1293,98,151,0.001,0.03
1294,506,1345,0.98,3.67
1295,383,378,0.001,0.03
1296,125,100,0.001,0.03
1297,603,322,0.001,0.03
1298,515,237,0.001,0.03
1299,97,649,0.001,0.03
1300,156,620,0.001,0.03
1301,1214,201,0.001,0.03
1302,397,5,0.001,0.03
1303,1215,489,0.98,3.67
1304,716,149,0.001,0.03
1305,468,1217,0.98,3.67
1306,540,710,0.001,0.03
1307,580,417,0.001,0.03
1308,151,1220,0.98,3.67
1309,162,1295,0.98,3.67
1310,76,254,0.001,0.03
1311,1283,286,0.001,0.03
1312,1231,225,0.001,0.03
1313,570,1230,0.98,3.67
1314,573,655,0.001,0.03
1315,231,1461,0.98,3.67
1316,318,1239,0.98,3.67
1317,1399,459,0.98,3.67
1318,690,469,0.001,0.03
1319,108,2,0.001,0.03
1320,676,639,0.001,0.03
1321,1246,113,0.98,3.67
1322,487,1247,0.98,3.67
1323,165,1276,0.98,3.67
1324,662,1249,0.98,3.67
1325,111,1251,0.001,0.03
1326,624,1431,0.98,3.67
1327,1251,694,0.001,0.03
1328,540,1253,0.98,3.67
1329,452,172,0.001,0.03
1330,199,6,0.001,0.03
1331,397,1434,0.98,3.67
1332,717,68,0.001,0.03
1333,486,1255,0.98,3.67
1334,339,677,0.001,0.03
1335,9,198,0.001,0.03
1336,292,639,0.001,0.03
1337,549,1261,0.98,3.67
1338,164,1262,0.98,3.67
1339,1264,677,0.98,3.67
1340,1394,493,0.98,3.67
1341,286,1266,0.98,3.67
1342,721,1332,0.98,3.67
1343,1267,451,0.98,3.67
1344,39,1268,0.98,3.67
1345,207,1452,0.98,3.67
1346,337,295,0.001,0.03
1347,499,177,0.001,0.03
1348,725,1270,0.98,3.67
1349,590,1366,0.98,3.67
1350,174,89,0.001,0.03
1351,57,693,0.98,3.67
1352,6,159,0.001,0.03
1353,177,1277,0.98,3.67
1354,598,675,0.001,0.03
1355,1280,198,0.98,3.67
1356,709,1281,0.98,3.67
1357,521,264,0.001,0.03
1358,583,1338,0.98,3.67
1359,591,1283,0.001,0.03
1360,472,686,0.001,0.03
1361,381,1293,0.98,3.67
1362,632,1287,0.98,3.67
1363,722,1289,0.98,3.67
1364,1384,311,0.98,3.67
1365,386,260,0.001,0.03
1366,611,1441,0.98,3.67
1367,305,470,0.001,0.03
1368,1304,62,0.98,3.67
1369,177,94,0.001,0.03
1370,472,1312,0.98,3.67
1371,709,342,0.001,0.03
1372,464,681,0.001,0.03
1373,397,350,0.001,0.03
1374,530,1298,0.98,3.67
1375,34,390,0.001,0.03
1376,1299,628,0.98,3.67
1377,112,1300,0.98,3.67
1378,87,1301,0.001,0.03
1379,623,362,0.001,0.03
1380,662,724,0.001,0.03
1381,592,293,0.98,3.67
1382,402,1306,0.98,3.67
1383,1354,394,0.98,3.67
1384,1371,393,0.98,3.67
1385,712,630,0.001,0.03
1386,378,589,0.001,0.03
1387,235,383,0.001,0.03
1388,71,1416,0.98,3.67
1389,389,726,0.001,0.03
1390,443,319,0.001,0.03
1391,38,1310,0.98,3.67
1392,259,1311,0.98,3.67
1393,681,239,0.001,0.03
1394,728,1313,0.98,3.67
1395,652,511,0.001,0.03
1396,698,13,0.001,0.03
1397,1317,479,0.98,3.67
1398,431,232,0.001,0.03
1399,1321,1326,0.001,0.03
1400,464,1322,0.98,3.67
1401,449,1328,0.98,3.67
1402,430,1334,0.98,3.67
1403,719,545,0.001,0.03
1404,217,1330,0.98,3.67
1405,246,238,0.001,0.03
1406,665,474,0.001,0.03
1407,34,1336,0.98,3.67
1408,643,1337,0.98,3.67
1409,1339,127,0.98,3.67
1410,393,115,0.001,0.03
1411,551,1342,0.98,3.67
1412,631,381,0.001,0.03
1413,74,713,0.001,0.03
1414,328,727,0.001,0.03
1415,131,193,0.001,0.03
1416,254,90,0.001,0.03
1417,1364,712,0.98,3.67
1418,697,628,0.001,0.03
1419,211,1368,0.98,3.67
1420,409,55,0.001,0.03
1421,270,1370,0.98,3.67
1422,245,113,0.001,0.03
1423,593,533,0.001,0.03
1424,1378,307,0.98,3.67
1425,103,699,0.001,0.03
1426,561,1380,0.98,3.67
1427,27,454,0.001,0.03
1428,456,673,0.001,0.03
1429,1383,326,0.98,3.67
1430,728,164,0.001,0.03
1431,628,290,0.001,0.03
1432,120,543,0.001,0.03
1433,678,5,0.001,0.03
1434,411,618,0.001,0.03
1435,62,661,0.001,0.03
1436,240,669,0.001,0.03
1437,1402,667,0.98,3.67
1438,1404,368,0.98,3.67
1439,183,571,0.001,0.03
1440,1409,498,0.98,3.67
1441,1410,308,0.98,3.67
1442,686,511,0.001,0.03
1443,1411,201,0.98,3.67
1444,678,1413,0.98,3.67
1445,369,680,0.001,0.03
1446,671,41,0.001,0.03
1447,666,1418,0.98,3.67
1448,11,1419,0.98,3.67
1449,511,1420,0.98,3.67
1450,671,1421,0.98,3.67
1451,700,1422,0.98,3.67
1452,640,1423,0.98,3.67
1453,652,1432,0.98,3.67
1454,226,1425,0.98,3.67
1455,353,232,0.001,0.03
1456,467,1427,0.98,3.67
1457,463,1428,0.98,3.67
1458,680,623,0.001,0.03
1459,345,642,0.001,0.03
1460,136,436,0.001,0.03
1461,711,633,0.001,0.03
1462,415,136,0.001,0.03
1463,549,226,0.001,0.03
1464,259,436,0.001,0.03
1465,666,415,0.001,0.03
1466,226,11,0.001,0.03
1467,136,1456,0.98,3.67
1468,41,699,0.001,0.03
1469,5,1448,0.98,3.67
1470,696,1447,0.98,3.67
1471,1464,103,0.001,0.03
1472,631,232,0.001,0.03
1474,588,728,0.001,0.03
