re,im
0.9635949696314918,0.1325151854328567
0.9660750408102443,0.2957097442196619
0.9907167952608152,0.16704405488343405
0.963528897198881,0.13085620304863588
0.9657325722611474,0.28642448819352434
0.961427808452771,0.043963483011091584
0.9633756792568459,0.03265601805054547
0.96489518405826,0.1385207694549629
0.9627090835499861,0.044841252922614636
0.9253930303528783,0.16705762500526045
0.9662233595665382,0.2999809086804023
0.9252464476907191,0.16611542868723014
0.9814471188279087,0.23859836178580138
0.987465885944119,0.1839123907609812
0.9640452494622015,0.13475270616038026
0.9673894879932405,0.15849766613394767
0.9603951862568058,0.01740023780455037
0.9860964831841263,0.16062624571434567
0.9251245337307045,0.1653303081819896
0.9786023852244892,0.1728478443990692
0.9762936548475563,0.12588113822161193
0.9781246974312412,0.1706013988512982
0.966615301563966,0.09874428970522017
0.9605869908842765,0.038375444072048195
0.9806608291101049,0.229367956091224
0.9683401964404869,0.1568458860194686
0.9881911512360226,0.25048827886434144
0.9675939261211792,0.1532873549005388
0.9792367178326883,0.13919403619540727
0.9617584475315187,0.02215929071016186
0.9604657716016508,0.03868615466133905
0.9676475252390688,0.15358795513880708
0.9589990561627948,0.013959885344459216
0.9951717412952527,0.17729867365649543
0.9954951844939129,0.17934482097920407
1.0060163355118386,0.17985073240829302
0.9612980401798822,0.039981052014844386
0.985967626454162,0.15988852464695635
0.9736000521346112,0.15196889208784722
0.9790924397977352,0.13845173325213744
0.9650205462114835,0.269155022552888
0.9642388762309038,0.029401883014288633
0.9794383906540992,0.14023321473753245
0.9947575432341424,0.19306805595765061
0.9953798269056483,0.17861408290498687
0.9883789092736761,0.2526752334124253
0.9283585159941731,0.18956874846459024
0.9761073331085999,0.12498833809920147
0.9785835147855596,0.1604148758365746
0.9612980401798747,0.03998105201484404
0.9762194062285527,0.1242608330017195
0.9795247089055784,0.1406785606158994
0.9951453821437954,0.19512890055272633
0.963649605310087,0.1314593132572681
0.9507091486405946,0.054775314680525884
0.9719709250186205,0.13765319989463562
0.9686950212469704,0.15835952959370275
0.9672957498756157,0.15161884876338
0.9619687915718288,0.048302806071068786
0.9587772344432892,0.03429947790419074
0.9499427674672266,0.05205451890003757
0.9596711694088211,0.036604006083141204
0.9735069013189488,0.15122639030295476
0.9618503160150015,0.02083710584217901
0.965020546211483,0.2691550225528879
0.9623021321979165,0.12430985847601003
0.9625620259029302,0.04706177738263745
0.9602759224754899,0.01667749232362058
0.9645608134289273,0.03029011744695841
1.0062519495199278,0.028772353403635556
0.9803694070330841,0.23188978273625144
0.9836520684222785,0.14350889631839514
0.9613815640079998,0.04482359582770951
0.9511337258416566,0.05628680101802544
0.9510064418767905,0.05583336024499454
0.961240127839636,0.018734025435435887
0.9657367192589734,0.2861344041238207
0.9618724263008495,0.04807986069046033
0.9676713009630167,0.15372310822161453
0.9741329360018425,0.14715694816541608
0.9638304299816406,0.13236394573804958
0.9784603590664568,0.1726825664655167
0.9599954632986478,0.037041521122285946
1.0041311813210132,0.16714859753093828
0.995446591439565,0.1795997499598128
0.9633778338543098,0.1301022907879255
0.9707041096797739,0.13178387342095252
0.925489625134566,0.16768555058397985
0.9883039863062583,0.25180049990817566
0.9610221898167683,0.01826886004896072
0.9638003123220396,0.1322131764022048
0.9254653463989968,0.16752854556762786
0.9635288971988805,0.13085620304863585
0.9952752428959495,0.17809320541227516
0.9753344314984823,0.1540348475111042
0.9277416668271221,0.18487925116530393
0.9829485824938268,0.14248188086578212
0.9788111234834953,0.12283224281997208
0.9782447429593166,0.17134470276707753
0.9657616669134359,0.0574483081208482
0.9254167629285732,0.16721453074388487
0.9598200546231282,0.03664627904913955
0.9649363965202775,0.2678180107960149
0.9670207324999942,0.0755512973543342
0.9675581085954853,0.15296482152137234
0.9782447429593174,0.17134470276707747
0.9684216716350466,0.0632416818312374
0.9661111095357258,0.2967408023167387
1.0040073893583448,0.16642404946943648
0.9756262959551456,0.1558426160340882
0.9679796030576318,0.06086120092958273
0.9934617446128565,0.17363633678914184
0.9615840548923476,0.019468493568945797
0.9524912841300461,0.06680808113430066
0.9611449810104842,0.03963523253988531
0.9709471747803735,0.13290064951496175
0.9751473411505927,0.1529910268849798
0.9677685882314999,0.05242477901288031
0.9754144998183825,0.1544821810166806
0.961243381855297,0.03985754530014805
0.9574686285115234,0.0958613874567312
0.9607073971207292,0.038647165454802186
0.9282357536795917,0.18863097450973532
0.9950797570986133,0.19483284988036564
0.9662622082670508,0.05848828888908757
1.0073432986690203,0.18893998035866014
0.9602119051408431,0.03801681447570785
1.0068017380290226,0.18504963928425464
0.9794959436835103,0.14053011308307684
0.9775733760070083,0.13094777060110613
0.9617018696983674,0.020518724991439787
0.979500004994106,0.13994913411482177
0.995190204531979,0.19527886733968283
0.9658977117110608,0.033694789259896454
0.9638666719577786,0.13384815864230457
0.9805987891265634,0.2287784384594251
0.9784842794578912,0.17283121134830645
0.985735224553902,0.15856055104146455
0.990071359105805,0.1649036245806567
0.985864409723149,0.159298326140408
0.959227573287007,0.03531231848968807
0.9513412177655214,0.0570422847310199
1.0023184702368204,0.007638175866409161
0.9770564970217016,0.1577792784921781
0.9599470446934095,0.03732276485104055
0.9836520684222795,0.14350889631839522
0.9659856471044351,0.2932051644522244
0.9502826353736704,0.05326372179036508
0.986044962378533,0.16033116090282634
0.9639559962523937,0.1343004374187658
0.9760720315843275,0.11072108097218196
0.9815187316152737,0.1347950261968889
0.9872652463628383,0.18258705339449502
0.976911769067753,0.12767866449053444
0.9601391002127069,0.016761142079812434
0.9793520046363494,0.13978785903463772
0.9640121511943347,0.13462588417387
0.9759829653160741,0.12439311815561917
0.9612550201006115,0.04351757932660455
1.006780584320269,0.18504570660340333
0.9793422781579973,0.1394960861454207
0.9605035178180513,0.09363084143137851
0.9636496053100873,0.13145931325726817
0.9651033868884047,0.27151290455532595
0.9954490624960091,0.17905252960369936
0.9254173870874542,0.16721464427547064
0.9549991058161187,0.08141037465744055
0.9641514088215628,0.13438689857842015
0.9778727964551065,0.16911313478115272
0.9759689129149901,0.12292651001027911
0.9883789092736778,0.25267523341242565
0.9598200546231259,0.036646279049139426
0.9659369626594183,0.03413893455778361
0.9883414778186169,0.2522378747269272
0.9514256751783166,0.057344556525916295
0.9916561724638119,0.16938816425279518
0.9953554929030667,0.17874155347907222
0.980738222350147,0.23010481456756265
1.0029761815997078,0.018446774848779143
0.9833684255353391,0.1420304162563803
0.9752542952325463,0.15358750307860985
0.9675373494104059,0.15297161485888067
0.9603132269247925,0.0377578908377498
0.9807536801068446,0.2302521811125377
0.9254896251345642,0.16768555058397958
0.9593014639197319,0.01469692891070934
0.9624970328954711,0.046863282805764496
0.9875326372650729,0.18435414545299464
0.9608727864486891,0.018604961343296332
0.9625942250619719,0.04713600237433101
0.9615382110804106,0.019370564739075863
0.9675145813799972,0.06071519139945747
0.9616104962374724,0.020322797858585078
0.976916731706193,0.15691270364203502
0.9854768542154076,0.1570850008435776
0.9793520046363483,0.13978785903463747
0.9794959436835106,0.14053011308307678
0.9626406541168094,0.04464207673879171
0.9615897695514872,0.044384646026120925
0.9608959734884025,0.017999553001039087
0.9613089710895967,0.04000575332560484
0.9725568398894847,0.1473148477392979
0.9785548417217629,0.17269585171013987
0.9758273330346194,0.12364907099953107
0.976837760416294,0.1564660356735167
0.9617409160196746,0.044781068391871764
0.9650670517089744,0.26989773500235087
0.9683400120047755,0.0629442964111514
0.9619530597188918,0.021057522789070967
0.9767587215833688,0.15601935668392466
0.9504965413761322,0.054019553389694996
0.9676177435111165,0.15342251460542483
1.0088808094601016,0.19975244391688435
0.9783878862751746,0.17194595060332393
0.9638003123220396,0.13221317640220487
1.0078187957350433,0.19225658665235928
0.9910107130065463,0.16837521112698464
0.979423745535308,0.13979555626213647
0.9650763318776262,0.2700462713202702
0.9663064272002877,0.14627029922481596
0.9592408647705423,0.014474030819658472
0.966975103275579,0.14988613019757088
0.9757798592308312,0.12203361629786305
0.9788063098056274,0.13704007067852728
0.9735163401658017,0.15152022880012958
0.9662384145586111,0.30042265893255843
0.9863268033743677,0.18028764828036883
0.9784124961163204,0.1723852727096168
0.9783406462621985,0.17193932211445792
0.9252464476907191,0.16611542868723012
0.981564395822704,0.2554041429737712
0.9801869025469991,0.230121168449013
0.96604943327638,0.044942735536347755
0.9675373494104054,0.15297161485888058
0.9910437094820529,0.16897749277740978
1.0042300907690818,0.16772821495195586
0.9619873020741606,0.021130994986679728
0.9598966393730509,0.015869560191027095
0.9626273602541247,0.05001393496733218
0.9611449810104905,0.03963523253988556
0.9608168308780074,0.03889418380172636
0.9759374231731294,0.12277769682824516
0.9754957599366445,0.12069421027060126
0.9773985211195976,0.15976247409082364
0.9616184351008894,0.019541940139213492
0.9600920620467142,0.016285768217105
0.9704918395414717,0.08605268970493504
1.0067793929243125,0.18490512701180087
0.9599022028308379,0.11016117535345808
0.9254653463989986,0.16752854556762817
0.9908394995657177,0.16763461681578923
0.9808320928942733,0.154770760008605
0.9773445186943474,0.1659878617648602
0.9611369054061503,0.018513684148982443
0.9624212990058049,0.04664004671817801
0.9658715024829501,0.03417069099430558
0.983226325463555,0.14129113533836873
0.967430049122098,0.1523703978393205
0.980598789126563,0.22877843845942505
1.0080244302060335,0.19369837490790973
0.9873767842237486,0.18332336548252773
0.961641353977885,0.019590904494471807
1.0070729724518745,0.1870650755636436
0.9735811295609393,0.1513812145128955
0.9825037238482586,0.17064736329636812
0.9762626203816489,0.1257323406918231
0.9604556038463256,0.03807901931965781
1.0041311813210139,0.16714859753093828
0.9642313771984887,0.029537845372457294
0.9508337605522902,0.055228612301798534
0.9619073987076779,0.02095955976218874
0.9792318656770898,0.13904814956954886
0.9784603590664578,0.17268256646551675
0.9765851092096879,0.1550758167136884
0.9860964831841261,0.16062624571434564
0.9286437820233121,0.1917566412041365
0.9685395056282018,0.11470576938100868
0.968270530408064,0.1646171178182274
0.9637400532622947,0.13191163443406595
0.9782047300397996,0.13406821737804228
0.9829175142996666,0.14233290186087333
0.9794959436835122,0.1405301130830771
0.9860964831841266,0.16062624571434564
0.977916507530735,0.13654359342423747
0.9859676264541622,0.15988852464695635
0.9673781431894165,0.05185622912145803
0.9782810432736885,0.16496724030963886
0.9861222326457784,0.1607737863095338
0.9616485140762969,0.04650125168340984
0.9620009088122383,0.04837712096822359
0.9950076454423252,0.19482132050678275
0.9826633806454048,0.14100241213866538
0.9941340040478057,0.16824307212265946
0.9783406462621973,0.17193932211445795
0.9612433818552898,0.039857545300147776
0.9650670517089747,0.26989773500235076
0.9835670535434616,0.14306536378967008
0.9874658859441192,0.1839123907609812
0.9771347381298929,0.15822583230584944
0.9674060858628551,0.15223521498512518
0.9594710548141578,0.014963691669615782
0.9275343607784262,0.18331573949206095
0.9950492320419209,0.19511351186079523
0.9502411320673274,0.053112624190839515
0.9707724218190883,0.13400034558022356
0.9883789092736772,0.2526752334124255
0.9596896415271466,0.01542886806785199
0.9596336121202044,0.036226331570012676
0.9606397421461588,0.018014844493389644
0.9795247089055761,0.140678560615899
0.9595859189571669,0.037314188514528175
0.9612761776052563,0.03993164936112588
0.9626308065880684,0.02474427406158367
0.987599324347255,0.18479588788906195
0.9777778617366405,0.16199327715211592
0.9762626203816498,0.12573234069182324
0.985864409723149,0.15929832614040804
0.9798880648174342,0.1488435087850198
0.9285420907353132,0.19097529068806005
0.9827463475890666,0.1414452118235851
0.9266394756125147,0.17659194386673038
1.0043042004769005,0.1681629157149833
0.9910117352085569,0.16880591167278097
0.9827775507580526,0.14159421269508096
0.9720131672826675,0.10242579189500589
0.9620329540105941,0.021228957819749938
1.0064658507270403,0.18288182249801396
1.008515229355223,0.19715813005908847
0.9510453495826312,0.05598431775908046
0.9720382102229701,0.1382331756754065
0.9676177435111171,0.15342251460542494
0.9607582480770563,0.017705762861094168
0.9253438227105936,0.16674349654957377
0.967698068106636,0.1538734031621135
0.9637474622869622,0.13324510471516873
0.9782447429593161,0.1713447027670774
0.9612761776052494,0.039931649361125574
0.9805561287227602,0.16560529316221356
0.9613934184329685,0.01985746956981352
0.9860449623785319,0.16033116090282604
0.9601598502769729,0.037412058241485927
0.9673801594667303,0.05108708660602674
0.964586143187518,0.1392367471768766
0.9875993243472575,0.18479588788906218
0.966177832136078,0.29865553903800685
0.9782683627992824,0.17134801524425153
0.9617658388279379,0.047302939653382135
0.9674300491220983,0.1523703978393205
0.9282357536795884,0.1886309745097347
0.9656877042599882,0.2850992774037694
1.0043042004769,0.16816291571498326
0.9610028104499511,0.03931411258688038
0.9802630679022784,0.2308581212681328
0.9883414778186171,0.2522378747269272
0.9750134785645438,0.15224540449236604
0.9637441408535703,0.13326903136337134
0.9610793691169182,0.039487023553598545
0.9819922683318393,0.24490061928668555
0.9279275193854873,0.18628626451470667
0.9662031922922555,0.2993918775038719
0.9512144680254649,0.05658887329018565
0.9882539041679123,0.2512173084236184
1.0089212963600374,0.2000406741880746
0.9875771024563541,0.18464864177365672
1.004378248165038,0.16859760590691145
0.9658585296956353,0.03460243666402955
1.0041311813210134,0.16714859753093825
0.9627667223039132,0.04501571554140585
0.9883664387938546,0.25252944897781665
0.9753878179267771,0.15433307106393898
0.967513469512355,0.15283644522753176
0.967698068106637,0.15387340316211365
0.9762936548475557,0.12588113822161184
1.0089415298331668,0.20018478730342215
0.9619259650718271,0.048203719362720006
0.9711602816297997,0.13386792764784006
1.0043535724923554,0.16845271035227288
0.9909209253079869,0.16824340671004365
0.974456294006873,0.11563933929553043
0.9640418906271907,0.13477664002499842
0.978511915484149,0.21021803790278493
0.9918257537051949,0.18931570242453866
0.9909946172710312,0.16868386206646804
0.9640155062893279,0.1346019510299872
0.9873767842237491,0.1833233654825278
1.0082089302149437,0.19499587222251308
0.9793520046363485,0.13978785903463756
0.9256533282611258,0.169241120512706
0.9769520706548193,0.15718385615395636
0.9943285510588666,0.17554066924459205
0.9638304299816404,0.1323639457380495
0.9650670517089762,0.26989773500235137
0.9611996506641751,0.03975873973568919
0.9590079488684307,0.03481825189333487
0.9720759183770825,0.1375972747835076
0.9671385264892879,0.06012169118921386
0.9656524883959468,0.28435983716442315
0.9732995779633298,0.09846129740152304
0.9831421788032578,0.14380357875082486
0.9254167629285746,0.16721453074388504
0.9594361228950403,0.035781678213352056
0.9808448449714658,0.2317077401960521
1.0058337989097221,0.02622544310141158
0.9620108117640711,0.045499691128433155
0.9615076814203579,0.020102379429576305
0.9595922595390914,0.015409486795600396
0.9677935600273008,0.15416048023135115
0.9883789092736758,0.2526752334124252
0.950879081467386,0.05537991506091818
0.9858644097231499,0.15929832614040823
0.9650205462114839,0.26915502255288826
0.9657776166981191,0.034022626531932
0.9596336121202022,0.036226331570012586
0.9622589008224697,0.04359823979272426
0.9806608291101057,0.2293679560912242
0.976200528463227,0.1254347426403653
0.98464971916827,0.1463086826438252
0.9883664387938556,0.2525294489778169
0.9757798592308327,0.12203361629786322
0.9908398121347843,0.16777818347203174
0.9253442908692656,0.16674358168435457
0.9657506620320685,0.2864301353783356
0.9657576231704698,0.28657799779543097
0.9836237375546487,0.1433610532393902
0.9811533576079077,0.23522665387898936
0.9754144998183835,0.15448218101668076
1.0043782481650385,0.1685976059069112
0.9859676264541628,0.15988852464695658
0.9280921473011924,0.1875368252750713
0.9682174622037567,0.06249821444637668
0.9805521703773542,0.23666259665117872
0.9874135080720239,0.15590083088764978
0.9637400532622944,0.13191163443406592
0.9680022884305804,0.15520585799521391
0.975982965316074,0.12439311815561922
0.980521082331421,0.22804150294567246
0.9252955513856531,0.16642953836344873
0.9598714646763382,0.016097558133868865
0.9772129118306794,0.15867237499825548
0.9280921473011899,0.18753682527507087
0.9903275837134756,0.18721973228372374
0.9776010447705865,0.16095227074933155
0.92860313075511,0.19144410631169884
0.9762126380117876,0.15929074673830682
0.9659461715049927,0.03369478439712008
0.97815552683182,0.164223797130749
0.9753878179267776,0.15433307106393906
0.9909380968148587,0.16836546414946463
0.9860449623785319,0.16033116090282606
0.9610578065593038,0.019046955134411542
0.9594361228950422,0.035781678213352146
0.9599954632986453,0.03704152112228582
0.9782308589995017,0.1646698668645716
0.9882539041679129,0.25121730842361845
0.9261581021812231,0.17299496351054047
0.9623348176558738,0.04639206933827161
0.9656098077229686,0.14250398661773617
1.008820029216656,0.1993200884209026
0.9621031684928182,0.043151299016010065
0.9759689129149879,0.12292651001027868
0.975653669755577,0.12143833439257765
0.9613716876773472,0.04111641497148556
0.9807072859476236,0.2298100763247699
0.9640083293663154,0.05343475093959998
0.9861222326457799,0.16077378630953412
0.9639526486375316,0.13432436912057383
0.9818768784175665,0.26135775045433185
1.0066675658958493,0.18418254665502948
1.004353572492357,0.1684527103522731
0.9673820800835198,0.12069403931841001
0.9657157538468717,0.2856907912032557
0.9720491238979544,0.14506307299434115
0.9616528130377865,0.01961538666460612
0.9614121197706952,0.019101260050412464
1.0042300907690807,0.1677282149519558
0.9610713911124287,0.04304693492880098
0.925343822710593,0.16674349654957374
0.9771868614189376,0.15852352867147296
0.9606090044770825,0.017387489476255204
0.9505795734971952,0.05432174976811973
0.9766719153965281,0.15554758669880642
0.9658006538271959,0.03369483141293276
0.9645495908254036,0.030494052200705005
0.985967626454162,0.1598885246469564
0.9617818078584475,0.0206901609499096
0.9794763134660724,0.13994656998146932
1.0055437428845582,0.17667499899570593
0.9599737110177222,0.03878446770995304
0.9609406021177975,0.03995070551934753
0.9664823920703971,0.15222787144931885
0.9843640183141026,0.15073983912445185
0.9678920741073969,0.05594726587406758
0.9603132269247969,0.03775789083775004
0.965900586378332,0.0348183036401217
0.9844270437677756,0.17554138253393717
0.9252223250488211,0.16595845193858966
0.9767912966773658,0.1627137605567387
0.9611616040312524,0.04054591557954375
0.9954125849163045,0.17924373165105267
0.9681844546988364,0.15610098452210094
0.9286640950367294,0.19191290598980146
0.9789165102277273,0.14276782463973955
0.9950700149429543,0.19525960545232146
0.9758744206449027,0.12248006753697288
0.995287414582938,0.17802946935766067
0.9677630163095907,0.05473210045169866
0.9784124961163202,0.17238527270961687
0.9783406462621979,0.17193932211445792
0.9792367178326878,0.1391940361954072
0.9676713009630176,0.1537231082216147
0.9746937706797856,0.17145415177344142
0.9284605861836229,0.19035017844110708
0.9607086641564987,0.0393307851100607
0.9279275193854855,0.18628626451470628
0.9620101280423773,0.021179976403214815
0.9873767842237496,0.18332336548252784
0.9772600330812966,0.1974452449468619
0.968462489381071,0.06339037377083998
0.9609152997194134,0.03911649941952667
0.9655482757197845,0.14580760529614042
0.9736282421804425,0.1513868527810759
0.9592275732870086,0.03531231848968818
0.9662534091765616,0.30086438933562437
0.9638669624024605,0.02843353811629174
1.0067346824157861,0.18461609866549894
0.964634940400634,0.054921581779041675
0.9834819718266122,0.14262182140062243
0.9751473411505928,0.15299102688497984
0.9657711137385799,0.03423850435217928
0.972316930360737,0.1462636400382222
0.9752542952325456,0.1535875030786098
0.9613318639400756,0.018929884031912658
0.960350526211495,0.04023002210753243
0.968645519566875,0.15820636713964437
0.9756536697555762,0.12143833439257758
0.9861222326457786,0.16077378630953382
0.9803238748734259,0.23144765247643584
0.9638633355633546,0.13387208817949028
0.9285420907353182,0.19097529068806113
0.9762005284632268,0.12543474264036528
0.9612318924459241,0.04394763839173667
0.9768904154464827,0.15676381554542285
0.9611996506641817,0.03975873973568942
0.9659199627341226,0.03417071001871847
0.9648019672355822,0.039096175405881374
0.991059330232764,0.16852526899555903
0.991068244860273,0.16912430627212663
0.9925710498970612,0.171585546188013
0.96624841767752,0.30071714807467625
0.9286437820233177,0.1917566412041377
0.9599694364238616,0.017995645840838525
0.9837669756491761,0.14734563285912766
0.9610028104499572,0.03931411258688063
0.9650763318776243,0.2700462713202697
0.9955182349761428,0.17949096473721446
1.0087388957312808,0.19874359562683586
0.9660332740523156,0.294531215507954
0.9888075187570461,0.18497692735864862
0.9780549798330037,0.16362901966985274
0.9270980404770458,0.18003216758079446
0.9783061242616423,0.16511592511599116
0.9590079488684299,0.03481825189333478
0.9283585159941696,0.18956874846458963
0.9609152997194196,0.03911649941952694
0.9277416668271232,0.1848792511653041
0.9753344314984829,0.1540348475111043
0.9909374505489126,0.1680783307036507
0.993302318051345,0.19126506818168434
0.9721232802754471,0.1376022901605873
0.983481971826612,0.14262182140062238
0.9601598502769698,0.03741205824148573
0.9667211110401069,0.05937940325417215
0.9624713989643942,0.04416958442878998
0.9676743132138571,0.15373825339167532
0.9678989469929691,0.052870959699389916
0.9824940450442421,0.13958869118081377
0.9882539041679121,0.25121730842361834
0.9828319644580765,0.14188906174804608
0.9618812597216383,0.04515275010325709
0.9860452036888001,0.15117851966770315
0.9654478064845101,0.04209366428102418
0.9803997270225007,0.23218452758892336
0.9286031307551149,0.19144410631169992
0.9759374231731315,0.12277769682824548
0.9680874803008047,0.05817964807077422
0.9948859107637601,0.19380244555957415
0.9608916613073683,0.02188317486307908
0.9653996701949983,0.278307656097071
0.9908225691889657,0.16765611559867516
1.0086373290958432,0.19802294949327065
0.9666073091490343,0.047643373254395854
0.9910833240433193,0.16852851152208667
0.9607164060113549,0.041650846288890014
1.006577982429661,0.18360445962611188
0.9620443666166218,0.0212534485198904
0.9675917781564427,0.053368414802335555
0.9615204300517315,0.045674802000761995
0.9617663713484274,0.025622434706364012
0.9621295824969788,0.04582189140740369
0.9883414778186191,0.25223787472692777
0.9812400237930056,0.2493038844768545
0.9784124961163199,0.17238527270961682
1.0043535724923576,0.16845271035227313
0.9758744206449048,0.12248006753697317
0.9514678911627202,0.057495691669822484
1.007591825732857,0.19067046905741106
0.9836237375546499,0.14336105323939036
0.9284605861836185,0.1903501784411062
0.9625614281304133,0.044418187186353646
0.9590862870666363,0.035092362306735826
0.9883039863062602,0.25180049990817605
1.0042300907690822,0.16772821495195586
0.9650763318776246,0.27004627132026965
0.9604556038463302,0.03807901931965801
0.9719993247989158,0.13744289696102163
0.9286640950367241,0.19191290598980024
0.9784842794578922,0.1728312113483065
0.9649832161811713,0.2685608156116644
0.9875326372650729,0.18435414545299458
0.9792367178326886,0.13919403619540732
0.962583492259413,0.04711126072291495
0.9591871077771829,0.03581919003856226
0.9883039863062592,0.251800499908176
0.9883664387938537,0.25252944897781643
0.9680686049415166,0.06041377488593223
0.9828890051321523,0.14218495624843308
1.0043042004768987,0.16816291571498315
0.9620223190513475,0.048426664169041796
0.9681226468868165,0.059072973239543275
0.9617591674717455,0.04218328041285728
0.9797454693613651,0.22284278742772756
0.9910853092369084,0.16924634803877636
0.9658720610835658,0.290110257589555
1.004527506479442,0.16988929796447938
0.9949452135391127,0.19438302306127764
0.9835670535434625,0.14306536378967014
0.9695353508630234,0.0890631454885203
0.9875326372650746,0.18435414545299483
0.982489094632707,0.14011360344862103
0.964983216181171,0.2685608156116643
0.962594225061972,0.04713600237433098
0.9661471782612081,0.29777186041381565
0.9910607917113792,0.16909953715800852
0.9784842794578921,0.17283121134830667
0.986122232645778,0.1607737863095338
0.9794383906540994,0.1402332147375325
1.0050476236005392,0.17335454645952197
0.9613089710896043,0.04000575332560517
0.9829200958188282,0.1423339389001028
0.9638707171082262,0.028365555170007304
0.9607073971207246,0.03864716545480192
0.975987955521512,0.18452405456114518
0.9784603590664577,0.17268256646551686
0.9875993243472553,0.18479588788906184
0.9623705592393877,0.04389626859750048
0.9887553345914062,0.1604758030392671
0.9807382223501478,0.2301048145675628
0.9874658859441207,0.1839123907609814
0.98286310013373,0.1420380516904431
0.9615708700727652,0.04166220336422571
0.9593842576650102,0.035860538468430264
0.9685699163500442,0.15790304715712886
0.9644671567501858,0.06189019930591392
0.987577102456357,0.18464864177365709
0.9614809006356317,0.019248153590586466
0.9807072859476247,0.22981007632477002
0.9605869908842715,0.03837544407204789
0.9658037537941847,0.03354677249433505
0.9610793691169245,0.03948702355359888
0.9687210763551389,0.1585096759017759
0.9650484704431884,0.2696006561920315
0.9608168308780021,0.038894183801726066
0.9622375815145355,0.04611935085071956
0.984933816008406,0.15398627083341115
0.9625941810968801,0.029213392169435647
0.9826320874668921,0.14085339670810487
0.9612313463271237,0.019464457981359252
0.9658056744489798,0.2883412678592924
0.9875771024563549,0.18464864177365678
0.988341477818618,0.25223787472692744
0.9633392277623349,0.0517988834658171
0.9882539041679116,0.2512173084236183
0.9795247089055766,0.14067856061589912
0.9949932875350457,0.19439070352579815
0.9948618738997204,0.1937986070630808
0.9733714472888702,0.1582586123838913
0.965891534541927,0.033990900441607894
0.9784833569606693,0.1723952242772084
0.9720191511407484,0.13801787481941827
1.0043782481650403,0.1685976059069114
0.9883664387938531,0.2525294489778163
0.9736567382164869,0.15226837065256274
0.9716717700215352,0.15806180839545494
0.9680539497771258,0.06190343138453065
0.9883039863062587,0.2518004999081757
0.9804148765842902,0.23233189741655516
0.9620330237945666,0.048451435750247115
0.9817266045664068,0.24182297934106853
0.964983216181171,0.26856081561166417
0.9650484704431896,0.269600656192032
0.9681163166327146,0.059817690365161345
0.9809029086265841,0.24305676958552414
0.9679413877750997,0.0530193960861307
0.9794383906541011,0.14023321473753275
0.9858644097231494,0.1592983261404081
0.9652193111361403,0.056259419811342665
0.9860449623785323,0.1603311609028261
0.9833684255353389,0.14203041625638038
0.9675956914772452,0.051830156446250324
0.9761073331085999,0.12498833809920143
0.9659319772447325,0.2917315331411587
0.961936595367376,0.042679645756437595
0.9510913063459953,0.056135654585939616
0.9768871074994582,0.13017070839135558
0.9779291287029882,0.1628855192994646
0.9860964831841278,0.16062624571434597
0.9604482328203737,0.017044732686045415
0.9807536801068459,0.23025218111253798
0.9641114288262734,0.03595028666816084
0.9650484704431883,0.2696006561920316
0.9954575639118654,0.17980961462769268
0.9680106772986496,0.05713773820307244
0.9655299196737738,0.2814077875954826
0.9684681651478259,0.15744955844306627
0.9639598256759475,0.10723764862813416
0.9771883305050472,0.15854759003250973
1.0083724764608268,0.19614911350417008
0.9652613059751575,0.2750593148204537
0.9350120459365245,0.2049684437985123
0.9982351397352571,0.18620491271456738
0.9718530307330085,0.15160719330130618
1.004527506479439,0.1698892979644792
0.9246893268464229,0.16227570963309115
0.9602870029825787,0.07219256290499097
0.9872325928177428,0.15771242723977308
1.0017433701114131,0.21180705798554558
0.9741106495648012,0.17000715571123193
0.9784328492057708,0.15889089249613375
0.9715169415819799,0.03675093394849003
0.932756714030796,0.18477693883505428
0.9714736770749877,0.14793526282598354
0.9738028102611799,0.07911409693874848
0.9894035240961517,0.1522064422613923
1.0017861579742768,0.21253111484965856
0.979060169409789,0.16263643346708304
0.9633553792133939,0.021424362675557536
0.9620101280423773,0.02117997640321475
0.9676468485881049,0.07349509901043934
0.9871548444995546,0.1572663410353941
0.9727913845819367,0.15626166243856657
0.971933290771511,0.15206027389681487
0.9356308680277711,0.21059796543090784
0.925344290869265,0.16674358168435457
0.9570109605963372,0.07987333788706918
0.9750516785168983,0.17013310774929577
0.994485468762141,0.20187250036224963
0.9778771536062554,0.1621678721779399
0.9625942250619719,0.04713600237433095
0.9628135755005881,0.045165464365077485
0.9717459109968536,0.1510030592942631
1.0115581997105416,0.18575642183485958
0.9924444250666022,0.17049801057011893
0.962877442620798,0.020395258809411138
0.9620597791580955,0.03977252890870464
0.9636295765051226,0.04712596775566504
0.9719450664877415,0.0606982620660119
0.9328407084740296,0.1854056412691242
0.9842001796190761,0.142444884240725
0.9856149442504302,0.1900274687865796
0.9352711527454296,0.20731449095719298
0.9719867594960167,0.15236231813350806
0.9906597317450331,0.15975926728132583
0.9740236360838952,0.16873096808824542
1.0018042577362671,0.21267728814170964
0.9761865902316895,0.06470788093966659
0.9854671317711096,0.18898588190524693
0.9343139971482354,0.19870978094912778
0.9855516385849518,0.1895810865542031
0.9906315186013535,0.1596100914418776
0.9329036174495023,0.18587714180722614
0.969886137357339,0.058693005923185444
0.971023434107596,0.035494913521503094
0.9766719153965285,0.1555475866988065
1.0035616428537921,0.16360460312966243
0.9721835569883829,0.06418966576378765
0.9872843888013723,0.15800980897007044
0.9661111095357257,0.29674080231673866
0.9787248304382288,0.15160480891560496
0.9860080305089538,0.17800367936069025
0.9633511532672697,0.042714185686085086
0.9662190861797743,0.11347860217367478
0.9739226052698701,0.05295223329286757
0.9752689661392359,0.17150282091365657
0.9329036174495011,0.1858771418072261
0.9628740829033109,0.04162653881371047
0.962765938333851,0.04438925177627137
0.9718219400211802,0.1499404636048046
0.9829383538488895,0.17195397114089686
0.9709836864721927,0.03880568707421929
0.9777409342582999,0.08055625617465915
0.9614532570865172,0.03859092811440076
0.9795975456373819,0.15073656546660077
0.9818996672416038,0.11580148162133744
0.9935101013633052,0.1782280323308368
0.9355284529119332,0.20965994830415666
0.9827239541747714,0.17061012119434582
0.9634561620329182,0.027181122449294246
0.9751974686836709,0.17105131579846009
0.932966452013108,0.1863486197850834
0.9777031364019628,0.08040706488388154
1.014911762317868,0.21218213173083741
0.9945438861570202,0.20231456629786335
0.9768571986243744,0.13222217102479428
0.9855108134689967,0.18183720081359292
1.0023296951685734,0.195387304007649
0.977412631182309,0.0701074232947264
0.9761515261235386,0.17597318813946297
0.9870510785973016,0.15667153405950027
0.9764866274815711,0.07728388131253291
0.985785895559002,0.15403091043133693
0.9683652518140167,0.12782935925394198
0.9829621397779533,0.17210327810827897
0.961885878867239,0.03937699616035305
0.9841797810162674,0.18034608884187683
0.9746527161589339,0.0734228940992019
0.9972200939011596,0.20469703571724523
0.9827239541747711,0.17061012119434582
0.9648366779582082,0.031030269559552993
0.9653661070873675,0.032918394361605416
0.9721298936895676,0.15211953934934463
0.9988667510475154,0.18677784717070897
0.9618281786410281,0.08429514737162218
0.9351504613081593,0.20621974216735783
0.9330973130887472,0.18790716179228817
0.9703966806361999,0.28660974313257387
0.9625699640030795,0.019733683579387366
0.9829383538488904,0.171953971140897
0.9751471193914255,0.17073515146238147
0.9704820464480248,0.14202012467905656
0.9913668244700831,0.16092671650902518
0.9351504613081614,0.20621974216735817
0.9717677238655056,0.1496383761596731
0.9335225883811421,0.19166556024407255
0.9827315143474125,0.13307043985280617
0.9640409536607207,0.09896734444135868
0.986665824183452,0.16026908852408442
0.935012045936526,0.2049684437985127
0.9913413338974854,0.16077864311209963
0.9624049235690997,0.04296660893610897
1.0115361731048937,0.1856113709531256
0.9627648523541569,0.04206433615156735
0.9534768640317817,0.06596392839355338
0.9327359357776367,0.18461979649058585
0.9625159625915121,0.040810784658328374
0.9934871530745942,0.17808031327313037
0.9715777275231244,0.14858101080708716
0.9828193154513635,0.17120740720828498
0.9704426240502295,0.2876484651517464
0.9716863425472482,0.1491852308656256
0.9845360149707334,0.17538479347659522
0.9645990396291808,0.04715645246232448
0.9715777275231247,0.14858101080708713
0.9328832241236378,0.18572007053085404
0.9740487641019474,0.1640244792543645
0.9831476389577856,0.17346602234606312
0.9752662536482878,0.1714876612334427
0.9746458283717249,0.16764549367602308
1.0023164119662238,0.19545149694324304
0.9934412354715053,0.17778486948473946
0.9728689629535597,0.06895710045594254
0.9718490366850397,0.15009150449952866
0.9720172818126694,0.15248920787628356
0.9939807470193923,0.268835148403637
0.9929348338070898,0.1745345703435671
0.975125904505615,0.1705997927217912
0.9789098219282754,0.1504760187932239
0.9867912518818545,0.24709486913317505
0.975218622183582,0.17118666331339527
0.982819315451364,0.17120740720828473
0.9611581343153037,0.03782205252997276
0.9718568076018316,0.15158306764038018
0.9356138188594929,0.21044163583754466
0.9717101771491121,0.13632134150116582
0.9717677238655055,0.14963837615967304
0.9982638870193619,0.1863766149419742
0.9724701400623702,0.15698695039171756
0.9329455154245054,0.1861914629673866
0.9855516385849512,0.18958108655420303
1.0114259406658683,0.18488608959449193
0.9752662536482872,0.17148766123344256
0.963958299637356,0.02353020241604004
0.9630584628848308,0.042046769469139364
0.9615052484803471,0.038511755455823034
0.9772519731528571,0.06951070741398499
0.9327991237722557,0.18509135995477471
1.0025334696706047,0.1968500765374544
0.9339279595166861,0.1952663760360804
0.9598540450562736,0.07052372368956014
0.97046221488949,0.2880935914701713
1.012141163849319,0.1905204407569788
0.9828907602431166,0.17165535138464438
0.9645099164775189,0.04690762277142701
0.9719370788770487,0.1520361463030214
0.9355796965052993,0.21012896873488288
1.0016955594831634,0.21180021815682107
0.9751679221498202,0.1707279291037245
0.9329664520131101,0.18634861978508363
0.9751471193914246,0.17073515146238136
0.9940203343039904,0.26941798984273874
0.9353742893818309,0.2082527448399137
0.9642710166778736,0.0488621883214622
0.9912903313169463,0.1604824909082021
0.971990555092435,0.15233818925210352
0.984412959069559,0.1745168905558373
0.9716863425472491,0.14918523086562557
0.9843895231080069,0.17436781314281885
0.9864163859332263,0.24918380836806758
0.9829621397779542,0.17210327810827905
1.0115361731048953,0.1856113709531261
0.9851760840006284,0.17960407848546822
0.9709888658475734,0.3137279745175163
0.9844431002542918,0.17478861403249252
0.9718490366850391,0.15009150449952843
0.9612984920322821,0.03804204606242238
0.9906084313165101,0.1594629106218731
0.985467131771109,0.18898588190524707
0.9753797118067918,0.1719247687667014
0.9840874976224603,0.14184849159070156
0.9348557129742445,0.2035605336358355
0.93284070847403,0.18540564126912418
0.9750516785168992,0.17013310774929577
0.9915511024653775,0.19308439135079497
0.9733027360365039,0.1635733092237997
0.9944854687621396,0.2018725003622494
0.9876279127401659,0.2595484327405619
0.9327567140307955,0.1847769388350544
0.9934412354715055,0.17778486948473943
0.9848797715123033,0.1476422709394334
0.9853101686818666,0.180497380693416
0.9752186221835809,0.17118666331339513
0.9638049128692203,0.044919466734604105
0.9897244113616983,0.1882066225003852
0.9598923698766166,0.07067540433652379
0.9846519965024365,0.17612997393389965
0.9713435801362374,0.13468573226561534
0.9752451410660382,0.17135232120565932
0.9625243320952621,0.041419116898365825
0.98561494425043,0.19002746878657964
0.968202306089765,0.154016947432292
0.9798395548054171,0.15523487444495787
0.9630584628848369,0.042046769469139565
0.975567756006351,0.17297107849366217
0.9704556912199163,0.28794521871659406
0.9348557129742433,0.20356053363583565
0.9850193265044717,0.1785618030494458
0.9752445094861906,0.1161945284921656
0.9828907602431173,0.1716553513846446
0.984675171236161,0.1762790041712745
0.984368981056631,0.14333942101978173
0.9760857567139308,0.09283909636797379
0.9851380333770325,0.18675222276537298
0.9353742893818348,0.20825274483991443
0.9756024263104635,0.13828589865574456
0.9872325928177406,0.15771242723977277
0.9774637926303094,0.07530893039046822
0.9709183540212769,0.3097555119450307
0.9752900582645365,0.1716381571968505
1.0136623918249952,0.20222416786379302
1.0147505367082617,0.2108837778058854
0.984669887570072,0.18362384382451014
1.0133867272116,0.20005821109455338
0.98565711259121,0.1903250468091988
0.9599188532857028,0.01669302046636011
0.9616528130377865,0.019615386664606087
0.9617010395732771,0.03895673857693146
0.9640283332863911,0.051125343926724735
0.981113386311709,0.1688451308726965
0.9346812440978491,0.20199594203059862
1.0113376353738144,0.18430583220829536
0.9939807470193942,0.26883514840363726
0.963199410615851,0.042368119393221916
0.994426989780191,0.20143041624907632
0.9867819935155512,0.2607978189723015
0.9944269897801902,0.20143041624907604
0.9744549418896628,0.04743688970392355
0.9756468321091758,0.07565223937146846
0.9643672604186178,0.04913515641304236
0.975169144403981,0.07461230874526885
0.9625942250619719,0.04713600237433098
0.9805362944380196,0.16423231984589165
0.9842846135617618,0.1428921604683116
0.9352711527454335,0.20731449095719373
0.9329455154245042,0.18619146296738634
0.9912903313169472,0.1604824909082022
0.9718219400211799,0.14994046360480448
0.9757973026773754,0.17346422713102783
0.9604441950351835,0.07279937222784148
0.9731933604580786,0.15002048894746067
0.9846056254651402,0.17583190760275288
0.9878769531853315,0.1831798458869274
0.9756563545998943,0.18241825473705042
0.9856571125912115,0.1903250468091987
0.985678186133488,0.19047383277858457
0.9856781861334889,0.19047383277858465
0.9633511532672625,0.04271418568608467
0.9757650127150542,0.051092057933751316
0.9626962680036264,0.06652188380470535
0.9981743278646396,0.18547569527308413
0.9648217629127248,0.03130216625433851
0.9634463646093416,0.021620380612595275
0.975290058264535,0.17163815719685038
0.9757322087774872,0.17386690373350064
0.9843426295684577,0.17406965248608994
1.0015320632748381,0.21048447734244816
0.9940795245912758,0.27029218074928785
0.9720134824708889,0.15251333740120362
0.9945438861570198,0.20231456629786349
1.011492100013837,0.1853212637976334
0.9748948698687547,0.1762887246438503
0.9709451217049215,0.31122706305551423
1.011337635373814,0.18430583220829547
0.9329042371420143,0.18587724333685826
0.9933576948999239,0.1978135311532387
0.9622622961427709,0.019450357590817167
0.9856571125912098,0.19032504680919882
0.9945244205336139,0.20216721300688742
0.9740973569601135,0.07208393264329228
0.9708127568984286,0.3037224824501413
0.9857510314472107,0.19033662727722694
0.9768489962811308,0.07787569954712405
1.0024325954683115,0.19660382926414
0.9849506917625861,0.14513600712059013
0.9609884891652213,0.07492285538390756
0.9798807156056446,0.15560056474716008
0.9841008149120831,0.1403737211115748
0.9840722498107373,0.1402246107250061
1.011536173104896,0.18561137095312594
0.9756995573081567,0.05112528396615759
0.971920409896483,0.03231031086208048
0.9710500756168797,0.3174043978680698
0.9912137738444353,0.16003824908884426
0.998154863621663,0.1856417495800802
0.9640149137543864,0.02365275459521161
0.9738151742966175,0.04536847870307961
0.9623990634899846,0.019366138977411476
0.9741566267827352,0.0464770678495227
0.9703966806361992,0.28660974313257354
0.9933723064895085,0.1773416896308245
0.9601670047483096,0.07173736856639121
1.011337635373814,0.18430583220829538
0.9647596374444772,0.06078747985044981
0.973820107661872,0.04529976361933681
0.96566427154605,0.033250725897336596
0.9943489219614741,0.20084094252133786
0.9756789839520859,0.05156137491786382
0.9863664722925536,0.24859443792276592
0.9856149442504312,0.19002746878657947
1.0154984860760918,0.21694143641557478
0.9855516385849508,0.18958108655420305
0.9854906096158644,0.18898876813932727
1.001749938516573,0.2122387622170466
0.9805477386396587,0.1198168592851375
0.960838650408611,0.01942615558826099
0.9871548444995538,0.15726634103539402
0.983929313256343,0.13947903292886477
0.9986760155272115,0.20677286299891348
0.9636510231050038,0.022061418778180956
0.9838148307001467,0.13888253970580422
0.9843252492820107,0.14171123029016924
0.9846530103871725,0.17615411233908435
0.9880656453722436,0.2490302197457874
0.9631994106158573,0.04236811939322225
0.990853797381804,0.16123227281933245
1.0018817833766158,0.2125448224463456
0.9620106344454064,0.04005448501776417
0.9650939350000461,0.03211028030797195
0.985795587331011,0.19048833496855194
1.0115581997105438,0.18575642183485977
0.9725396448628851,0.046177959264346986
0.9855484009844246,0.1484113349705858
0.9945244205336171,0.20216721300688772
0.9943489219614753,0.20084094252133802
0.971894939646866,0.03278916836402169
0.9707056427468296,0.29944476302082884
0.9653884070167698,0.032510573784742064
0.9774824181966127,0.07620911945161762
0.9866625481244335,0.15451410983907518
0.987310275927369,0.15815849711105773
0.9980824856665608,0.18517608205501906
0.9656382791746886,0.033726508415238915
0.9627655903489273,0.04137934229255948
0.9620443666166222,0.02125344851989039
1.0114259406658672,0.18488608959449185
0.9811172755409391,0.16914017943450796
0.9943489219614747,0.20084094252133794
1.0115581997105434,0.18575642183485971
0.9944269897801895,0.20143041624907598
0.977250102037239,0.060230495935972614
1.0016468657272444,0.21121888272007758
0.9612566599271327,0.03855011562745121
0.9932803029988218,0.1767507567369515
0.9756378267527108,0.05064614957421984
0.9855985956172637,0.189586862583106
0.9704556912199145,0.2879452187165934
0.9840150974012901,0.13992638477672092
0.9741664843010763,0.04633964776510104
0.9906853712127156,0.15990744290789366
0.9839293132563414,0.13947903292886446
1.0150546381724528,0.2133360943170044
0.9756435432271484,0.05049662003343138
1.0019237916192063,0.21269444876783994
0.9640465134976329,0.04824197636085826
0.9651125424874889,0.03177042167214752
0.9945438861570225,0.20231456629786368
0.9933723064895089,0.17734168963082472
1.000113261137846,0.20870192664602372
0.9867912518818541,0.24709486913317485
0.9760859456474137,0.07654274510304107
0.9911115971205199,0.15944590147033805
0.9718376544854772,0.03906952069619139
0.9631161515379569,0.04578712613471801
1.0145707876417227,0.20944098154987156
0.986118865137595,0.15153733111307632
0.9770594184412833,0.0704655440803508
0.9802406433524894,0.16493263782795833
0.9619971160304384,0.018786097211398955
0.9355284529119374,0.2096599483041574
0.9944854687621388,0.20187250036224946
1.013485787262975,0.20078143953015995
1.0016229610226983,0.21121546456334986
0.9757226253299157,0.050943422920481846
0.9840874976224605,0.14184849159070162
0.9856853816689338,0.1900361417136284
0.9957452419133535,0.20247418761036837
0.971526878642675,0.13550353688339062
0.9356308680277774,0.21059796543090903
0.9744697037059663,0.04723077709976592
0.9840150974012883,0.13992638477672067
0.9631343630634662,0.04221980436017594
0.9609494530869864,0.07477117943321937
0.9812430804620241,0.16988920442957572
0.9856781861334892,0.1904738327785845
1.015374611307634,0.21593206177597438
0.962515962591508,0.0408107846583282
0.9914107707927724,0.16478050890923576
0.9717835797231446,0.042566589939805
0.9940203343039898,0.2694179898427385
0.9840722498107396,0.14022461072500653
0.9945244205336142,0.20216721300688736
0.9756091368415999,0.050977484120888504
0.9757340357884661,0.05064437391297111
0.9644100765594529,0.04663406232892825
0.9628740829033061,0.04162653881371036
0.9726559717422937,0.04166483881185901
0.9629717048313942,0.04184901440604391
0.9783332646530489,0.10640655715302119
1.0024112857782812,0.19597243609106757
0.9873102759273693,0.1581584971110577
0.9755988339614177,0.05119553733902643
0.9982202982731253,0.18608267449785187
0.9279275193854855,0.18628626451470626
0.985467131771109,0.18898588190524696
1.0018216561057265,0.2122490307032992
0.9818230171405243,0.16476684259087554
0.9838148307001476,0.13888253970580441
1.0154454352025069,0.21650885884979754
0.9913668244700841,0.16092671650902532
0.9905314269274261,0.15901836212856132
0.9799451200560093,0.15517668578732235
0.9710234884092243,0.3157869411484458
1.0136636855280514,0.20208313327469862
0.9854217094165901,0.18124174496462922
0.9732524670777066,0.04963982892117271
1.0129920420946132,0.19702409366377588
0.9639964977400136,0.05105097869939043
0.9640941611982128,0.02382432719845135
0.9948854229928608,0.1733094305251771
0.9774625618660456,0.07696016025415194
0.9872843888013721,0.1580098089700703
0.9620330666345543,0.04151920218538151
0.9905801739971241,0.15931372657654558
0.9935101013633073,0.1782280323308371
0.9841008149120802,0.14037372111157462
0.984340865939892,0.14319033591245572
0.9612984920322806,0.03804204606242215
0.9913413338974845,0.16077864311209952
0.963469172201489,0.04670444675390635
0.9632980349763149,0.04625816630810909
0.9939807470193929,0.26883514840363715
0.9924508066403658,0.17143153508827888
0.9636184774997548,0.022794884098786026
0.9872325928177413,0.15771242723977308
0.9871505623995561,0.1569732190727775
0.9718934756555492,0.13713914611894099
0.987051078597301,0.15667153405950032
1.0114921000138346,0.18532126379763306
1.0139183669351166,0.2042453490531011
0.9872843888013738,0.15800980897007066
1.0136834194956554,0.20222775657611908
0.9843689810566296,0.1433394210197816
0.9644528432206699,0.04938336591716138
0.9911115971205197,0.15944590147033805
0.9606404998600185,0.0735578527510956
0.9617204610903572,0.01809732530178749
0.9883508356799249,0.1722949151142091
0.9843408659398926,0.1431903359124558
0.9636185152316976,0.04439790274850904
0.9961385442637992,0.17788046918333925
0.9935101013633058,0.17822803233083684
0.9842001796190762,0.14244488424072496
0.9605977585292027,0.07340603316767175
0.963296965082961,0.04259059092247481
0.9613089710895967,0.04000575332560485
0.9629945127466648,0.04268482434950081
0.9906571801548624,0.15975827117244765
1.013564918186905,0.20135998874401417
1.0114921000138364,0.1853212637976334
0.9704622148894885,0.2880935914701706
0.9844292535493184,0.12809122955547803
0.9872261136007449,0.1572727525569397
0.9982856710886291,0.1865235823115752
0.9871548444995536,0.1572663410353939
0.9870510785973018,0.15667153405950052
1.014154925868314,0.2061218313670257
0.993441235471506,0.1777848694847396
0.9873102759273713,0.158158497111058
1.0136241980945822,0.20179388106519294
0.9625160214209108,0.020090105979925832
0.991213773844435,0.16003824908884434
0.9734055339809428,0.15092236935018163
0.9923086955546686,0.16372217295314084
0.9973690413936255,0.1823034631310288
0.9934871530745946,0.17808031327313031
0.9641641039649002,0.04856446164996225
0.9904002420677503,0.15827639288556336
0.9786889005777251,0.14935767707595748
0.9638903538351735,0.023383139465789807
0.9875205000278712,0.1663570179590276
0.9623748101197621,0.04048942254167331
0.9756821158743886,0.061992997655181986
0.9645277723697342,0.04960681678007739
0.9869298748007453,0.14022603106607145
0.9605620026216815,0.07325446469970207
0.9933723064895081,0.17734168963082453
0.9636964917454757,0.02215942684447785
1.0125769993558666,0.19384487621130836
1.0114259406658692,0.1848860895944921
0.9760819692688371,0.17566992289093253
0.9932803029988219,0.1767507567369514
0.9678493780715853,0.061159941237856945
0.9904286540446979,0.1584256056291159
0.984284613561761,0.14289216046831166
0.9936090311993361,0.16859008611367066
0.9872756460549236,0.15742358459689199
1.0143723217472334,0.20785368660914488
0.9905031033343406,0.15886916577973365
0.993487153074596,0.1780803132731306
0.998084781652587,0.18503192848590583
0.9622227524826436,0.04014333749109151
0.9710712575414275,0.3187275206175736
0.9704620086868679,0.28955967754548895
0.991942942478486,0.16818022161821974
0.96334454052605,0.02215638478583167
0.9635259636723073,0.021791895816692174
0.9768749121070488,0.06894406711360215
0.9615052484803497,0.0385117554558233
0.9811922368664997,0.1695893837196733
0.9640601665928127,0.05119970899914109
0.9724535814736945,0.12480931373683504
0.9870489489727713,0.15652496971174587
0.9793390578946148,0.10335626769816261
0.9932803029988228,0.17675075673695154
0.9932803029988222,0.1767507567369516
0.9633294787427904,0.04266474782617557
1.0024724080189993,0.19641126497329378
1.002384728589851,0.19610081733446058
0.9997386539825743,0.18896750409087865
0.9639182357447241,0.04789473237230463
0.9646774533466809,0.047380551401869093
0.9770912215715291,0.06891397221450901
0.9354600159543935,0.20903455084999592
0.9671218706017266,0.050195562993960184
0.9935101013633055,0.17822803233083678
0.9613089710896046,0.04000575332560513
0.977627517289397,0.08010867830980982
0.9983004598450559,0.18664581163902444
0.9798717731636142,0.15502292950704732
0.9774065453720934,0.07425960206111769
0.9634205506591715,0.04756648628073501
0.9982876629327017,0.18592225868428605
0.9811844121662423,0.16899929380717502
0.9849992518953962,0.22794619700240495
0.9791037492023271,0.15144456404356071
0.9692759888008204,0.11117429776347493
0.9637533219091192,0.022281936713950862
0.9631725551398648,0.021738481058967155
0.9800214889877437,0.16388078508383588
0.9640495557395484,0.05117492065889173
1.0005892441643223,0.19101028311596144
0.9704309130686432,0.13051757193210076
0.998169757798237,0.18576399668089502
0.9773078451881536,0.07801474262429726
0.9617374163776687,0.039335072240779284
1.0025131225174662,0.1967038079414421
0.9869320878022496,0.249435064589828
0.9632737196191273,0.04668919072958651
0.9759892165518883,0.1752162954557695
0.9627583110917871,0.02070534191811534
0.9933723064895077,0.1773416896308245
0.9867401115851153,0.24650548758809268
0.9797773798030387,0.16267931257876647
0.9705542189582416,0.2931028719150429
0.9638110718421083,0.023211565569340727
1.002460082627696,0.19696054940240118
0.9773626045984125,0.07906428347808676
0.9627294201954837,0.020076723403898305
0.9773732155241568,0.06995845194983082
1.00141879426148,0.1929063451641207
0.9781055281362718,0.13686809087211327
0.9729811869352141,0.1491186085447397
0.9735028522071792,0.07059535802642038
0.975136935327918,0.05912878380315552
0.972195425732248,0.06716908683378461
0.963014041074664,0.02068929013407494
0.9727690134123497,0.14821672814201883
0.9940499580346637,0.26985509598996643
0.993441235471505,0.17778486948473943
0.9636820977652203,0.04924675107479235
0.998241941241528,0.18577246704079986
0.9934871530745942,0.1780803132731302
1.002803446406502,0.20536948765301086
0.9939807470193937,0.26883514840363704
0.9775140301067988,0.07966108848154037
0.9768908663992111,0.06816823101258855
1.0022275552956952,0.1946558457217964
0.9982786933433866,0.1864988472330861
0.9355796965053046,0.21012896873488415
0.9622729327776158,0.04074916654258363
0.9627655903489322,0.04137934229255961
0.9646557847837955,0.08263308675496273
0.9701393533706668,0.03489521774170433
0.9745505923179536,0.05611520685819766
0.986478628792942,0.24992046840867108
0.9772045471774221,0.07183790097509272
0.9774043399248128,0.07756204012531656
0.9607367512234579,0.05041068085444808
0.9620597791580926,0.039772528908704335
0.9874075574855795,0.2563247636843164
0.9641507572849208,0.023946878729115252
1.015179318409593,0.21434571110759845
0.9631392245956846,0.020958817694540506
0.9646133333518172,0.049855025935201275
0.9610807559113156,0.03754760963175405
0.9616007805730458,0.017650904988323203
0.963764687190302,0.02230643865933257
0.9940203343039911,0.2694179898427388
0.9608713562807921,0.0744678233440464
0.9622167073436559,0.018974089220458713
0.985622032961636,0.182581476085096
0.9762210385328343,0.17627643946180088
0.9637792604247123,0.04752272955944682
0.9637204484003994,0.02301548052373151
0.9639805352053886,0.045416299535174426
0.9637968600316272,0.050049710712404404
1.0152859376957133,0.2152110221194701
0.9646239724529042,0.049879784426985804
0.9600903275680425,0.0714340202292679
0.9356138188594875,0.2104416358375435
0.9604020848201958,0.0726475699813177
0.963253610039839,0.042491714838623844
0.9632530014662655,0.021203841784873025
0.9687210763551389,0.15850967590177586
1.0155338214093959,0.21722981181215273
0.9855775665678725,0.18228377192042738
0.9354600159543891,0.209034550849995
0.9637305905952209,0.022232932794656723
0.9618175791000084,0.018116472644649148
0.9635941816669724,0.02193890848253938
0.9856442554596246,0.1827303251931931
0.9606797361364707,0.07370954469475592
1.0155514795036544,0.21737399661438694
0.9641394383667,0.02392236843904924
0.9616503261430513,0.040047036172236705
0.9634213268944932,0.04385160765895428
0.9704229737051457,0.28720331466931925
1.0089415298331668,0.20018478730342215
0.9607541494317858,0.07401277875616005
0.9614323105607117,0.017384042324128872
0.9640601999403835,0.023750796150044287
0.9629717048313883,0.04184901440604354
0.9620228834915521,0.018557533913339565
0.9613724735511039,0.01716083050529199
0.962374810119766,0.04048942254167361
0.9631343630634599,0.04221980436017566
0.9633619901549019,0.04273890459325491
0.9647451642151377,0.04757991954484308
0.9633294787427832,0.042664747826175325
0.9641453968838868,0.04588840103621934
0.9635566688829604,0.04841900799525169
0.970834108390115,0.304460804634593
0.9626462196641108,0.041107424401402776
0.9622227524826404,0.04014333749109122
0.9648021780730992,0.04775455679976176
0.9940696754236631,0.270146488206921
0.9632969650829545,0.04259059092247431
0.9626462196641156,0.04110742440140285
0.9610807559113139,0.03754760963175413
0.96321333170334,0.043280581517962095
0.9617010395732799,0.038956738576931695
0.9633619901548947,0.042738904593254634
0.9710380857943559,0.3166692320512139
0.9708540636776922,0.3063698082043822
0.9632536100398458,0.04249171483862405
0.9618858788672365,0.039376996160352645
0.9864537515349511,0.2496258114656699
0.9639540468602409,0.0509518248222314
0.9868295373808917,0.2475368806981492
0.9710595532313444,0.3179924803321638
0.9817506628099616,0.18613973319685118
0.9704426240502295,0.2876484651517462
0.970442624050231,0.28764846515174664
0.9703966806361995,0.2866097431325737
0.987837269020757,0.2626248574188915
0.9710665948386978,0.31843351287989574
0.9940499580346619,0.26985509598996626
0.9874226019268545,0.2790960682878736
0.9868295373808907,0.2475368806981491
0.9940795245912744,0.2702921807492873
0.9708383592919827,0.3046084608363713
0.9940696754236623,0.2701464882069209
0.9829602607172034,0.20222677736731096
0.9708880721871826,0.3081364570172347
0.9707739165939184,0.3023933297623324
0.9868550278586334,0.24783154335389918
0.970462214889488,0.2880935914701707
0.9709685679607871,0.31255119251846
0.9707955592703401,0.30313177532646723
0.9704229737051466,0.2872033146693194
0.985997177496313,0.2405748073811394
0.9940203343039922,0.269417989842739
0.9870048658081271,0.26704520232765167
0.9940696754236615,0.2701464882069208
0.9865486453079053,0.25440207392875425
0.970422973705146,0.2872033146693191
0.994049958034663,0.26985509598996654
0.9864910574816719,0.250067793341652
0.9708160960133357,0.30445546763896486
0.9710735793848955,0.3188745202965181
0.987175768216018,0.2529536945748329
0.9868677631437,0.2479788711635973
0.9704556912199145,0.28794521871659373
0.9868550278586343,0.24783154335389923
0.9839876067780479,0.2151637411883305
0.9940795245912754,0.2702921807492876
0.9867401115851163,0.24650548758809274
0.9868677631436987,0.24797887116359724
0.994049958034662,0.26985509598996615
0.9708255871927054,0.3041654839941977
0.9940795245912738,0.27029218074928724
0.9872181239829099,0.2731445200420328
0.9706325481424531,0.2963480000210317
0.9940696754236638,0.27014648820692116
0.9646289471694681,0.2618947025897553
